chapter number,start segment,end segment,chapter title,summary
0,0,2,封面,《黑猩猩的政治弗朗斯・德瓦尔》是一本畅销四分之一个世纪的跨学科经典之作，揭示了黑猩猩群体中权力和性行为的竞争和联盟，洞悉了人类最基本的需求和行为。
0,3,3,封面,从阿纳姆的黑猩猩行为中可以看出马基雅维利的政治权谋，2007年被哈佛大学100位教授推荐为最具影响力的经典图书之一，揭示了政治的起源比人类更古老的结论。
0,0,3,封面,《黑猩猩的政治弗朗斯・德瓦尔》是一本揭示黑猩猩群体权力和性行为竞争与联盟的畅销经典，洞悉人类最基本需求和行为，2007年被哈佛大学100位教授推荐为最具影响力的经典图书之一。
1,4,4,第一部分 序言,"这是一篇关于社会发展的文章，讨论了社会发展的重要性及其对人类的影响。

社会发展对人类有重要影响，是推动人类进步的重要力量。"
1.0,5,6,《黑猩猩的政治》推荐序,弗朗斯・德瓦尔通过对黑猩猩的观察，写出了《黑猩猩的政治――猿类的权力与性》，读者在阅读中不由自主地发出会心的微笑。
1.0,7,9,《黑猩猩的政治》推荐序,动物行为学强调观察动物活动，德瓦尔的观察丰富而细腻，他书写的是1975-1979年间，围绕几个核心角色展开的黑猩猩历史。
1.0,10,11,《黑猩猩的政治》推荐序,大妈妈、几位强壮的雄性，以及德瓦尔的研究，构成了一段具有惟一性的历史，将历史方法引入到黑猩猩的研究，使其成为黑猩猩的历史学和人类学，以及黑猩猩的社会学。
1.0,12,13,《黑猩猩的政治》推荐序,通过观察，德瓦尔发现黑猩猩们几乎生活在一个孤岛上，游客只能在20米之外隔河而望，登上t望塔可以近距离观察，但有6米的距离，并且隔着厚厚的玻璃。德瓦尔观察黑猩猩，尽可能接近自然条件，让人们对黑猩猩产生感情，并为他们的生活和命运而唏嘘感慨。
1.0,14,15,《黑猩猩的政治》推荐序,"人类强行放在一起的黑猩猩群落经过几代繁殖形成准自然群落，但与野生黑猩猩最大的差别是，他们不用花时间觅食，可以把全部时间用来从事""精神性的""活动，从而强化社会生活。"
1.0,16,17,《黑猩猩的政治》推荐序,黑猩猩在有限空间中相处，可能会从野蛮暴力走向文明和平，学会妥协和分享，实现和平的愿望。
1.0,18,19,《黑猩猩的政治》推荐序,动物本性是否贪婪自私，还是能从事艺术活动？这个问题一直困扰着作者。
1.0,20,21,《黑猩猩的政治》推荐序,"""

德瓦尔的观察表明，黑猩猩有强烈的和平渴望，会克制暴力，并对妇女和孩子表现出宽容和关爱。冲突过后，它们会迅速寻求和解，互相拥抱和亲吻，并互相帮助护理毛皮。"
1.0,22,23,《黑猩猩的政治》推荐序,"在黑猩猩社区中，一个群体的两个派系，或者同一派系内的两个个体，都会在冲突结束后，通过强烈的情感接触重新建立友谊。

冲突结束后，黑猩猩社区会通过强烈的情感接触重新建立友谊，以友爱、和睦为常态。"
1.0,24,25,《黑猩猩的政治》推荐序,* 黑猩猩无法忍受敌对、防范、冲突的状态，只有和睦的状态才能让它们的内心平安。
1.0,26,27,《黑猩猩的政治》推荐序,伊冯与巧蔻的童年友谊，证明了伤害不是单向的，获得谅解才能解脱。
1.0,28,29,《黑猩猩的政治》推荐序,黑猩猩的拥抱让伊冯感动，也给了她一次情感冲击，表明它们超越物种界限，甚至还能居中调和冲突。
1.0,30,31,《黑猩猩的政治》推荐序,德瓦尔认为黑猩猩拥有超强的自制力，即使有能力杀死对手，也会赤手空拳地寻求和解。
1.0,32,33,《黑猩猩的政治》推荐序,雄性黑猩猩的战斗通常受到严格的行为规范支配，犬牙的使用也受到严格限制，双方在武力炫示后，如果一方表示屈服，武力攻击就会终止。
1.0,34,35,《黑猩猩的政治》推荐序,黑猩猩和儿童之间存在类似的求助行为，攻击者会停止攻击，被求助者会得到力量认可。
1.0,36,38,《黑猩猩的政治》推荐序,人类与黑猩猩之间有着惊人的相似之处，特别是在暴力冲突中，弱者会求助于更强大的力量，以缓冲暴力，体力也是决定动物地位的重要因素。
1.0,39,40,《黑猩猩的政治》推荐序,德瓦尔指出，体力不是决定黑猩猩统治关系的唯一因素，而是取决于能否获得群众支持，社会关系决定战斗结果，而不是反过来。
1.0,41,43,《黑猩猩的政治》推荐序,鲁伊特作为阿纳姆黑猩猩的第二任雄一号，肩负着维护群体公平的职责，他在两个黑猩猩争斗时站在弱者一边，一年后支持输家的比例更进一步上升到87%，以此维护群体和谐，保护弱者，防止冲突升级。
1.0,44,45,《黑猩猩的政治》推荐序,黑猩猩雄性的地位依赖于他们对雌性和孩子的保护，他们在对待孩子时无一例外地宽厚容忍。
1.0,46,47,《黑猩猩的政治》推荐序,通过阅读卢风教授与杜维明教授的对话，提出了学习比宽容更谦逊的态度，并讨论了人类研究动物的目的，以及人类学和动物行为学之间的连续谱。
1.0,48,49,《黑猩猩的政治》推荐序,"而现在，它已经发展成为一门科学，研究者们更多地关注于保护和改善动物的生活。

莫里斯的《裸猿》描述人类行为，德瓦尔的《黑猩猩》研究人类学，两者构成了人类行为学和人类学的连续谱，从殖民化运动到科学研究，研究者们转向保护和改善动物生活。"
1.0,50,51,《黑猩猩的政治》推荐序,人类学以进步论为出发点，研究原始人类以探索文明进化序列，但现在已普遍摒弃进步论，以文化相对主义为研究起点。
1.0,52,54,《黑猩猩的政治》推荐序,人类学家以观察者的角色，为我们提供了一面镜子，让我们反观自身，以解决当下的生态危机、人与自然关系紧张及社会内部冲突。
1.0,55,56,《黑猩猩的政治》推荐序,人类学和动物行为学可以给人类提供反思自我的机会，让人们借鉴和学习其他文明模式。
1.0,57,58,《黑猩猩的政治》推荐序,老板拖欠农民工工资，拆迁者把推土机开向人家，贪婪、自私、残暴不应该是人的本性。
1.0,59,60,《黑猩猩的政治》推荐序,人类的贪婪、自私和残暴行为是社会性，而非生物本性，是文明的结果。人类拥有更强的掌控能力，但社会是否比黑猩猩更好？人与动物之间，有多遥远的距离？人类所声称的文明可以怀疑。
1.0,61,63,《黑猩猩的政治》推荐序,德瓦尔认为，人类和黑猩猩之间很难画出一条截然的界限，人类行为充满动物性，而黑猩猩行为具有复杂的社会性。
1.0,64,66,《黑猩猩的政治》推荐序,人类认识到自己与动物的关系，是现代性思想的结果，基督教也有关系。
1.0,67,69,《黑猩猩的政治》推荐序,传统民族认为人与动物是亲戚关系，神话不是虚构的故事，而是哲学、历史、律法，动物权利与自然权利是传统民族的生存前提。
1.0,70,71,《黑猩猩的政治》推荐序,这段文字描述了作者对动物社会的反思，最终以鲁伊特的死亡结束，令作者意外和伤感。
1.0,72,74,《黑猩猩的政治》推荐序,黑猩猩社区的和谐行为反衬了人类内部的敌意，提醒人类要警惕恶的可能性，作者发出感慨，希望引发关注。
1.0,5,11,《黑猩猩的政治》推荐序,弗朗斯・德瓦尔通过观察1975-1979年间的黑猩猩活动，写出了《黑猩猩的政治――猿类的权力与性》，将历史方法引入到黑猩猩的研究，使其成为黑猩猩的历史学、人类学和社会学。
1.0,12,15,《黑猩猩的政治》推荐序,"德瓦尔观察黑猩猩，尽可能接近自然条件，发现黑猩猩群落形成准自然群落，但不用花时间觅食，可以把全部时间用来从事""精神性的""活动，从而强化社会生活，让人们对黑猩猩产生感情。"
1.0,16,21,《黑猩猩的政治》推荐序,
1.0,22,29,《黑猩猩的政治》推荐序,
1.0,30,38,《黑猩猩的政治》推荐序,德瓦尔发现黑猩猩拥有超强的自制力，在暴力冲突中，弱者会求助于更强大的力量，以缓冲暴力，体力也是决定动物地位的重要因素。
1.0,39,45,《黑猩猩的政治》推荐序,德瓦尔指出，黑猩猩统治关系不仅取决于体力，还取决于社会关系，鲁伊特作为阿纳姆黑猩猩的第二任雄一号，维护群体公平，保护弱者，防止冲突升级，雄性的地位依赖于他们对雌性和孩子的保护。
1.0,46,49,《黑猩猩的政治》推荐序,学习比宽容更谦逊的态度，是人类研究动物的目的。
1.0,50,58,《黑猩猩的政治》推荐序,人类学摒弃进步论，以文化相对主义为研究起点，为我们提供反思自我的机会，拒绝贪婪、自私、残暴的本性。
1.0,59,66,《黑猩猩的政治》推荐序,人类的贪婪、自私和残暴行为是文明的结果，而非生物本性，人与动物之间有着遥远的距离，德瓦尔认为人类行为充满动物性，现代性思想和基督教也有关系。
1.0,67,74,《黑猩猩的政治》推荐序,传统民族认为动物与人有亲戚关系，作者通过鲁伊特的死亡反思动物社会，提醒人类要警惕恶的可能性，希望引发关注。
1.0,5,29,《黑猩猩的政治》推荐序,弗朗斯・德瓦尔通过观察黑猩猩活动，将历史方法引入研究，发现黑猩猩群落形成准自然群落，强化社会生活，让人们对黑猩猩产生感情。
1.0,30,49,《黑猩猩的政治》推荐序,德瓦尔发现黑猩猩拥有超强的自制力，体力和社会关系决定其统治地位，雄性的地位依赖于他们对雌性和孩子的保护。人类可以从动物学习比宽容更谦逊的态度。
1.0,50,74,《黑猩猩的政治》推荐序,人类学提倡文化相对主义，反思自我，拒绝贪婪、自私、残暴的本性，提醒人类要警惕恶的可能性，希望引发关注。
1.0,5,74,《黑猩猩的政治》推荐序,弗朗斯・德瓦尔发现黑猩猩拥有自然群落、超强自制力和社会关系，人类可以从中学习更谦逊的态度，拒绝贪婪、自私、残暴的本性，警惕恶的可能性，引发关注。
1.1,75,77,德斯蒙德・莫里斯推荐序,德斯蒙德・莫里斯提出：政治的根比人类更古老，挑战了千百年来人们被告知的人与其他动物根本不同的观念。
1.1,78,79,德斯蒙德・莫里斯推荐序,人类是演化过程中最不同寻常、最成功的物种，与猿类有明显的性质差异，如艺术才能、工具制造能力和语言能力。
1.1,80,81,德斯蒙德・莫里斯推荐序,人类拥有政治，猿类没有，但随着时间的推移，这种差异逐渐变得模糊。1950年代，黑猩猩已经能够表达审美，通过绘画和改变来多样化思想。
1.1,82,84,德斯蒙德・莫里斯推荐序,黑猩猩具有制造工具和学习语言的能力，与人类的艺术才能相比，只是程度上的差异。
1.1,85,86,德斯蒙德・莫里斯推荐序,黑猩猩能学会上百个不同的手势符号，表明人类与猿类在语言能力上的差异并不明显，人类只不过比猿类做得好得多而已。
1.1,87,88,德斯蒙德・莫里斯推荐序,1980年代，研究发现黑猩猩的政治活动更为复杂，表明我们与猿类的距离更近，他们擅长精妙的政治策略，如权力接管、统治与被统治关系、权力斗争等。
1.1,89,91,德斯蒙德・莫里斯推荐序,黑猩猩的复杂行为直到1980年代才被分析出来，这是由于过去几十年中人们对猿类的看法，将它们视为野兽和妖魔。
1.1,92,93,德斯蒙德・莫里斯推荐序,人们对猿类的态度从恐惧变成了友好，从观赏变成了研究，引发了科学家对猿类智能的重要研究。
1.1,94,95,德斯蒙德・莫里斯推荐序,简・古多尔等人开启了野外实地研究，揭示了野生状态中猿群复杂的社会，安东与简・范・霍夫兄弟在荷兰阿纳姆动物园建立了大型黑猩猩圈养基地，探索猿类社会生活状况。
1.1,96,98,德斯蒙德・莫里斯推荐序,阿纳姆黑猩猩群体在动物行为学家的观察下，在孤岛式群体圈养区繁育兴旺，获得的细节比以往任何形式的观察都要多，推动了人类对黑猩猩行为的理解，阿纳姆研究项目不断带来新发现。
1.1,99,100,德斯蒙德・莫里斯推荐序,黑猩猩的社会谋略复杂得令人着迷，《黑猩猩的政治》一书的出版证明了这一点，报告的内容将我们对这些最亲近的亲戚的知识推向新的阶段。
1.1,75,84,德斯蒙德・莫里斯推荐序,德斯蒙德・莫里斯提出，人类与猿类有明显的性质差异，但随着时间的推移，这种差异逐渐变得模糊，黑猩猩具有艺术才能、工具制造能力和语言能力，与人类只有程度上的差异。
1.1,85,93,德斯蒙德・莫里斯推荐序,黑猩猩能学会上百个不同的手势符号，表明人类与猿类在语言能力上的差异不明显，1980年代研究发现它们的政治活动更为复杂，这是由于人们对猿类的态度从恐惧变成友好，从观赏变成研究，引发了科学家对猿类智能的重要研究。
1.1,94,98,德斯蒙德・莫里斯推荐序,简・古多尔等人开启野外实地研究，安东与简・范・霍夫兄弟在荷兰阿纳姆动物园建立大型黑猩猩圈养基地，探索猿类社会生活状况，阿纳姆黑猩猩群体在动物行为学家的观察下获得丰富细节，推动了人类对黑猩猩行为的理解，不断带来新发现。
1.1,99,100,德斯蒙德・莫里斯推荐序,黑猩猩的社会谋略复杂而精妙，《黑猩猩的政治》一书的出版拓展了我们对这些最亲近的亲戚的认知。
1.1,75,93,德斯蒙德・莫里斯推荐序,德斯蒙德・莫里斯提出，人类与猿类的性质差异逐渐变得模糊，研究发现黑猩猩具有艺术才能、工具制造能力和语言能力，人们对猿类的态度从恐惧变成友好，从而引发了科学家对猿类智能的重要研究。
1.1,94,100,德斯蒙德・莫里斯推荐序,"简・古多尔等人开启野外实地研究，安东与简・范・霍夫兄弟在荷兰阿纳姆动物园建立大型黑猩猩圈养基地，推动了人类对黑猩猩行为的理解，不断带来新发现，《黑猩猩的政治》一书的出版拓展了我们对这些最亲近的亲戚的认知。

简・古多尔等人开启野外实地研究，探索黑猩猩社会生活，拓展人"
1.1,75,93,德斯蒙德・莫里斯推荐序,德斯蒙德・莫里斯提出，人类与猿类的差异逐渐模糊，研究发现猿类具有艺术、工具制造和语言能力，人们对猿类的态度变得友好，引发了科学家对猿类智能的研究。
1.1,94,100,德斯蒙德・莫里斯推荐序,类对其行为的认知，《黑猩猩的政治》一书的出版更进一步拓展了我们对这些最亲近的亲戚的认知。
1.1,75,100,德斯蒙德・莫里斯推荐序,德斯蒙德・莫里斯提出，人类与猿类的差异逐渐模糊，引发科学家对猿类智能的研究，《黑猩猩的政治》一书的出版拓展了我们对猿类的认知。
1.2,101,102,25周年纪念版前言,25年来，政治一直具有永恒的魅力，它不仅仅是人类的事务，甚至黑猩猩也在从事政治。
1.2,103,104,25周年纪念版前言,《黑猩猩的政治》涉及人类和近亲的威胁、结盟与孤立策略，可用于贬低或提升政治家们的自我。
1.2,105,106,25周年纪念版前言,书封面上搂着黑猩猩的形象嘲笑人类，但实际上可以从猿类的行为中获得关于人类本性的重要线索。
1.2,107,108,25周年纪念版前言,黑猩猩与人类在行为上有许多相似之处，这使得我们在灵长类动物中的地位更加明确。
1.2,109,110,25周年纪念版前言,人类一直在寻找自身独特性的证据，从工具制造到黑猩猩使用树枝探入白蚁穴，再到语言的符号性交流，都是人类独特性的体现。
1.2,111,112,25周年纪念版前言,研究猿类行为的科学家发现，猿类与人类有着相似的行为，这表明人类在宇宙中的特殊地位可能是可变的。20世纪早期的实验科学家开始积累人类对猿类行为的知识。
1.2,113,114,25周年纪念版前言,"沃尔夫冈・科勒描述的""科勒瞬间""概念被用来描述猿类的性情，娜杰日达・拉德金娜科茨提供了黑猩猩与儿子之间的表情对比。"
1.2,115,116,25周年纪念版前言,实验室研究和实地考察之间的紧张关系一直存在，但黑猩猩研究的历史却是实验室研究和实地考察的杂交力量的展示。
1.2,117,119,25周年纪念版前言,1930年代开始，研究者们开始认真尝试研究荒野中的黑猩猩，1960年代，简・古多尔和西田利贞分别在坦噶尼喀湖东岸和马哈尔山上建立营地，开展长期项目研究黑猩猩行为。
1.2,120,121,25周年纪念版前言,实地研究发现黑猩猩不仅是和平的素食者，还有惊人的社会复杂性，甚至会捕食猴子。研究者们还发现黑猩猩会经常聚会，形成一个社会团体。
1.2,122,123,25周年纪念版前言,"黑猩猩以""分裂-融合""的社会体制分化成小""帮伙""，与此形成对照的是，相邻区域之间的互动往往是敌对性的。"
1.2,124,125,25周年纪念版前言,发现黑猩猩也会自杀，抛弃了关于人类独特性的论调，1970年代的研究将黑猩猩与人类接近的程度提升到前所未有的高度。
1.2,126,127,25周年纪念版前言,戈登・盖洛普证明猿类具有自我意识，埃米尔・门泽尔的实验揭示了猿类之间的学习与欺骗，这使得人类与猿类之间的差异更加明显。
1.2,128,129,25周年纪念版前言,1979-1980年间，三十出头的科学家阿纳姆在荷兰的阿纳姆动物园观察和研究黑猩猩，并出版了《黑猩猩的政治》一书。
1.2,130,131,25周年纪念版前言,动物也有内心生活，但行为主义的教条认为人无法知晓，因此没有谈论的余地。
1.2,132,133,25周年纪念版前言,"通过与教授简・范・霍夫的电话讨论，作者首次将群落中出现的变化称为""政治""，并受到大众的重要影响。"
1.2,134,135,25周年纪念版前言,多年来，我向各种参观者发表演讲，推广科学知识，他们对灵长类动物的基本心理学知识表现出认可和强烈的兴趣。
1.2,136,138,25周年纪念版前言,通过乌得勒支大学的研究，作者发现将注意力放在实际的事件上而不是抽象概念上，可以让故事更吸引人。
1.2,139,140,25周年纪念版前言,通过图案反映出猕猴之间的权力游戏的复杂性，利用计算机程序处理数据，对数据进行分类，从而创建出关于攻击性事件、毛皮护理的次数等行为的摘要。
1.2,141,142,25周年纪念版前言,"""

轶事是指难以归纳的独特事件，但它们也可以证明一些科学家的蔑视是正当的，以鲍勃・伍德沃德和卡尔・伯恩斯坦的例子来说，一次普通的盗窃却导致了尼克松失去权力，令人唏嘘。"
1.2,143,145,25周年纪念版前言,Richard Nixon是美国第一位辞职的总统，这件事件对科学归纳有很大的弱点，但也可以发现黑猩猩也会在相似情况下发脾气。
1.2,146,148,25周年纪念版前言,用日记的形式记录事情的展开，记录个体的卷入，以及与先前情形的比较，作出最详细的记录，以此来分析与理解事件。
1.2,149,150,25周年纪念版前言,"经过几年的笔记查阅，《黑猩猩的政治》一书最终成形，受到普通读者和学术界的好评，并被称为""经典之作""，其成功得益于书中清晰可辨的猿类故事。"
1.2,151,152,25周年纪念版前言,这本书的基础性假设完美契合1980年代的时代精神，反映了当时人们对待动物态度的变化，也说明科学发展从来都不是完全独立的。
1.2,153,155,25周年纪念版前言,唐纳德・格里芬的《动物的意识问题》和约翰・霍普金斯大学出版社的《黑猩猩的政治》一书，25年来仍受到读者的关注，为普通读者和新任议员们提供了探索动物与人之间关系的机会。
1.2,156,158,25周年纪念版前言,25周年纪念版收录了新的彩色照片和更新的资料，类比岛屿生物地理学，提出了可以应用于更复杂系统的概念。
1.2,159,161,25周年纪念版前言,阿纳姆动物园的黑猩猩岛上环境简单，雄性玩家多于野生黑猩猩群体，发现的一般原理适用于任何地方的权力斗争。
1.2,162,163,25周年纪念版前言,我一直热衷于写通俗读物，以吸引学生进入学术领域，并以大众化的面貌展现出来。同时，我也监管着一个活跃的研究团队，过着双重的生活。
1.2,164,165,25周年纪念版前言,白天研究科学，晚上写通俗著作，处理大问题，避免与人类政治直接对比，如耶罗恩的权力与老年政治家的权力惊人相似。
1.2,166,167,25周年纪念版前言,政治家们利用年轻政治家之间的竞争来获取权力，就像黑猩猩在选举期外通过护理毛皮或逗孩子来取悦雌黑猩猩一样。
1.2,168,169,25周年纪念版前言,"尽管有许多类比，作者仍回避了所有这些，直接报告阿纳姆的黑猩猩经历，不受""人类在类似情况下会怎么做""的影响。"
1.2,170,172,25周年纪念版前言,人类普遍具有权力欲望，从办公室到政治圈，从大学到家庭，都在使用各种权术，这也是人类进化的联系。
1.2,101,108,25周年纪念版前言,25年来，政治一直具有永恒的魅力，黑猩猩也在从事政治，《黑猩猩的政治》涉及人类和近亲的威胁、结盟与孤立策略，可从猿类的行为中获得关于人类本性的重要线索，使得我们在灵长类动物中的地位更加明确。
1.2,109,114,25周年纪念版前言,人类一直在探索自身独特性，研究猿类行为的科学家发现，猿类与人类有着相似的行为，提示人类在宇宙中的特殊地位可能是可变的。20世纪早期的实验科学家积累了人类对猿类行为的知识。
1.2,115,121,25周年纪念版前言,黑猩猩研究历史是实验室研究和实地考察的结合，实地考察发现黑猩猩具有复杂的社会性，会捕食猴子，并形成社会团体。
1.2,122,129,25周年纪念版前言,黑猩猩的社会体制、自杀行为、自我意识、学习与欺骗等行为，使得人类与猿类之间的差异更加明显，1979-1980年间，阿纳姆出版了《黑猩猩的政治》一书。
1.2,130,138,25周年纪念版前言,"作者发现动物也有内心生活，并将其称为""政治""，他通过演讲推广科学知识，受到大众的重视，也发现将注意力放在实际事件上可以让故事更吸引人。"
1.2,139,145,25周年纪念版前言,
1.2,146,152,25周年纪念版前言,《黑猩猩的政治》是一本经典之作，它反映了1980年代人们对待动物态度的变化，也说明科学发展从来都不是完全独立的，是通过记录事件展开、个体卷入以及与先前情形的比较，作出最详细的记录来分析与理解事件而成功的。
1.2,153,161,25周年纪念版前言,25年来，唐纳德・格里芬和约翰・霍普金斯大学出版社的书籍仍受到读者的关注，为探索动物与人之间关系提供了机会，25周年纪念版收录了新的彩色照片和更新的资料，类比岛屿生物地理学，提出了可以应用于更复杂系统的概念。
1.2,162,167,25周年纪念版前言,我热衷于写通俗读物，以吸引学生进入学术领域，并管理一个活跃的研究团队，白天研究科学，晚上写通俗著作，探索人类政治与动物行为的相似之处。
1.2,168,172,25周年纪念版前言,作者回避了类比，直接报告阿纳姆的黑猩猩经历，揭示了人类普遍具有权力欲望，以及权术在人类进化中的重要作用。
1.2,101,114,25周年纪念版前言,"25年来，研究猿类行为的科学家发现，猿类与人类有着相似的行为，提示人类在宇宙中的特殊地位可能是可变的，从而使得我们在灵长类动物中的地位更加明确。研究黑猩猩政治的实验科学家积累了人类对猿类行为的知识，从而揭示了人类本性的重要线索。

研究猿类行为发现人类与猿类有相似行为"
1.2,115,145,25周年纪念版前言,研究发现黑猩猩具有复杂的社会性，自杀行为、自我意识、学习与欺骗等行为，使得人类与猿类之间的差异更加明显，阿纳姆出版的《黑猩猩的政治》一书揭示了动物也有内心生活，受到大众的重视。黑猩猩研究历史是实验室研究和实地考察的结合，推动了人类对动物行为的认识。
1.2,146,161,25周年纪念版前言,《黑猩猩的政治》是一本经典之作，反映了1980年代人们对待动物态度的变化，25年来仍受到读者的关注，提供了探索动物与人之间关系的机会，提出了可以应用于更复杂系统的概念。
1.2,162,172,25周年纪念版前言,作者热衷于探索人类政治与动物行为的相似之处，通过写通俗读物吸引学生进入学术领域，报告阿纳姆的黑猩猩经历，揭示了人类普遍具有权力欲望，以及权术在人类进化中的重要作用。
1.2,101,114,25周年纪念版前言,，揭示了人类本性的重要线索，提示人类在宇宙中的特殊地位可能是可变的。
1.2,115,161,25周年纪念版前言,黑猩猩研究发现它们具有复杂的社会性，《黑猩猩的政治》一书揭示了动物也有内心生活，推动了人类对动物行为的认识，25年来仍受到读者的关注，提供了探索动物与人之间关系的机会。
1.2,162,172,25周年纪念版前言,作者通过写通俗读物，探索人类政治与动物行为的相似之处，报告阿纳姆的黑猩猩经历，揭示了权力欲望和权术在人类进化中的重要作用。
1.2,101,172,25周年纪念版前言,《黑猩猩的政治》揭示了人类本性的重要线索，指出人类在宇宙中的特殊地位可能是可变的，推动了人类对动物行为的认识，提供了探索人类与动物之间关系的机会。
2,173,173,第二部分,"提出了一种新的解决方案，它可以有效地解决问题。
新方案可有效解决问题。"
2.0,174,175,1.它们真的是小丑吗,黑猩猩的外表使游客发笑，他们只要随处走走或随便坐坐就能让人发笑。
2.0,176,177,1.它们真的是小丑吗,人类与黑猩猩之间有着明显的相似性，令人不自在却又迷住，随着科学家们对大猿的认识越来越深，认同危机也越来越深。
2.0,178,179,1.它们真的是小丑吗,通过观察黑猩猩的双眼，可以发现它们具有智慧和自信，而且也可以反看着我们。研究表明，人类与动物之间的差异正在逐渐缩小。
2.0,180,181,1.它们真的是小丑吗,黑猩猩具有自我意识，能够理解因果关系，制造工具，打猎、吃肉，扩张领土，甚至自相残杀。
2.0,182,183,1.它们真的是小丑吗,艾伦・加德纳夫妇研究小组成功教会黑猩猩使用符号交流，表明猿的心理可以理解，但仍缺少对猿的社会组织的了解。
2.0,184,185,1.它们真的是小丑吗,黑猩猩拥有复杂的社会生活，但我们对其了解仍然有限，野外考察工作者能够经常看到那些动物是很幸运的。
2.0,186,187,1.它们真的是小丑吗,研究者们在荷兰阿纳姆的布尔格尔斯动物园可以全面研究黑猩猩的集体生活，以解开社会性变化的原因。
2.0,188,190,1.它们真的是小丑吗,研究发现黑猩猩的社会组织与人类非常相似，令人难以置信。1984年，政治学家对此做出了评论，动物世界中的小丑们在政治舞台上表现出色。
2.0,191,193,1.它们真的是小丑吗,* 马基雅弗利的政治哲学可以用来解释黑猩猩的行为，新闻记者将本国政治家与黑猩猩进行了比较。
2.0,194,196,1.它们真的是小丑吗,"法国罗谢出版社在1987年出版的《黑猩猩的政治》封面上放置了一幅夹在弗朗索瓦・密特朗和雅克・希拉克之间的黑猩猩的画，这一不敬的封面暗示着对政治家的诋毁，德文版的书名也被重新命名为《我们多毛的堂表兄弟姐妹》。

1987年，法国罗谢出版社出版的《黑猩猩的政治》封面上放置了一幅夹在弗朗索瓦・密特朗"
2.0,197,198,1.它们真的是小丑吗,市场营销的决策偏离了本书的要旨，本书提出人与猿之间的基本相似性，提醒人们反省自身行为。
2.0,199,200,1.它们真的是小丑吗,他们的读者只需要概要，但概述的图画可能缺乏说服力，解释也可能被质疑。
2.0,201,202,1.它们真的是小丑吗,通过对黑猩猩的观察，本文将报告权力竞争和地位颠覆对性特权的影响。
2.0,203,203,1.它们真的是小丑吗,社会互动的基础机制，如互惠、战略谋划和三角关系意识，与人类活动的机制相似。
2.0,174,181,1.它们真的是小丑吗,黑猩猩的外表可以让人发笑，但它们与人类之间有着惊人的相似性，科学家们发现它们具有智慧和自信，研究表明人类与动物之间的差异正在缩小。
2.0,182,190,1.它们真的是小丑吗,艾伦・加德纳夫妇研究小组成功教会黑猩猩使用符号交流，发现黑猩猩的社会组织与人类非常相似，1984年政治学家称其为“小丑们在政治舞台上表现出色”。
2.0,191,196,1.它们真的是小丑吗,和雅克・希拉克之间的黑猩猩的画，用马基雅弗利的政治哲学暗示对政治家的诋毁。
2.0,197,203,1.它们真的是小丑吗,本书提出人类与猿之间的基本相似性，通过对黑猩猩的观察，报告权力竞争和地位颠覆对性特权的影响，提醒人们反省自身行为。
2.0,174,196,1.它们真的是小丑吗,黑猩猩与人类有惊人的相似性，研究发现它们具有智慧和自信，科学家们成功教会黑猩猩使用符号交流，政治学家用它们的画暗示对政治家的诋毁。
2.0,197,203,1.它们真的是小丑吗,本书提出人猿共性，报告权力竞争对性特权的影响，提醒人们反省自身行为。
2.0,174,203,1.它们真的是小丑吗,本书提出黑猩猩与人类有惊人的相似性，报告权力竞争对性特权的影响，提醒人们反省自身行为。
2.1,204,205,1.第一印象,总结：阿纳姆动物园的林荫大道上有各种鸟类，而大道末端的户外圈养区中则有黑猩猩发出沙哑的吼叫声。
2.1,206,207,1.第一印象,游客们可以在t望塔上近距离观赏黑猩猩，但需要绕过20米的距离，并且要通过玻璃隔离，以防止喂食。
2.1,208,209,1.第一印象,这片地方原有大树林，现仍有50棵高大的橡树和山毛榉，大部分被电栅栏保护，中央有些橡树没有保护，树皮已被剥掉，它们对黑猩猩群落有重要作用。
2.1,210,212,1.第一印象,群落中的攻击性遭遇战以树枝为辅助，游客们只能站着看，但可以看到更多的动物，这种半自然式的规划需要成员习惯。
2.1,213,215,1.第一印象,海尼・黑第格尔发现动物在被关押的环境中会表现出无聊的行为，他创立了动物园生物学，现代动物园更加注重少种类动物的关押。
2.1,216,217,1.第一印象,阿纳姆动物园的黑猩猩展示标志着从猿被关在笼中到自然式圈养区的里程碑，在野生环境中猿濒临灭绝的时期，某些猿群得以在人类提供的保护下有效生存。
2.1,218,220,1.第一印象,阿纳姆黑猩猩群落中，毛皮护理是最常见的社会活动，猿们伴随着轻微的噼啪声和拍打声，互相护理毛皮，表现出欣然的表情。
2.1,221,222,1.第一印象,成年雌黑猩猩们形成毛皮护理队列时，孩子们会在附近游荡，小的夹在母亲肚子上，大的耗不完的精力，玩捉迷藏游戏，打扰毛皮护理活动。
2.1,223,224,1.第一印象,阿纳姆黑猩猩群落独特之处在于其规模、圈养区面积、年轻黑猩猩数量以及雄黑猩猩体型及毛发厚密程度。
2.1,225,226,1.第一印象,雄黑猩猩的攻击行为可以提前十分钟以不引人注目的形式预示，参观者可以有充足的时间准备。
2.1,227,228,1.第一印象,黑猩猩行为可预言，但不会重复同一模式，研究它们变化的最有趣之处在于可以预言短期行为，以检验关于它们内部关系系统的知识。
2.1,229,230,1.第一印象,阿纳姆黑猩猩群落的领导阶层变化清晰地展示了群落生活的活力，这一过程需要花费许多月时间，而不是由少数战斗决定，社会操纵导致首领废黜，稳定性慢慢被破坏，每个个体都有自己的角色。
2.1,231,231,1.第一印象,新首领需要得到其他黑猩猩的认可，不能单方面行动，也是被诱入这个网中的一员。
2.1,204,209,1.第一印象,总结：阿纳姆动物园林荫大道上有各种鸟类，末端有黑猩猩圈养区，游客可以在t望塔上观赏，原有大树林，仍有50棵高大的橡树和山毛榉，大部分被电栅栏保护，对黑猩猩群落有重要作用。
2.1,210,217,1.第一印象,海尼・黑第格尔发现动物在被关押的环境中会表现出无聊的行为，他创立了动物园生物学，现代动物园更加注重少种类动物的关押，阿纳姆动物园的黑猩猩展示标志着从猿被关在笼中到自然式圈养区的里程碑，为濒临灭绝的野生动物提供保护。
2.1,218,226,1.第一印象,阿纳姆黑猩猩群落特殊的规模、圈养区面积、年轻黑猩猩数量及雄黑猩猩体型及毛发厚密程度，毛皮护理是最常见的社会活动，孩子们会在附近游荡，雄黑猩猩的攻击行为可以提前预示。
2.1,227,231,1.第一印象,黑猩猩行为可预言，但不会重复同一模式，社会操纵导致首领废黜，新首领需要得到其他黑猩猩的认可，研究它们变化可以检验关于它们内部关系系统的知识。
2.1,204,217,1.第一印象,总结：阿纳姆动物园拥有各种鸟类和黑猩猩圈养区，电栅栏保护着大部分树木，海尼・黑第格尔发现动物在被关押的环境中会表现出无聊的行为，阿纳姆动物园的黑猩猩展示标志着从猿被关在笼中到自然式圈养区的里程碑，为濒临灭绝的野生动物提供保护。
2.1,218,231,1.第一印象,阿纳姆黑猩猩群落的特征及行为可以预言，但不会重复同一模式，社会操纵可以导致首领废黜，研究它们可以检验关于它们内部关系系统的知识。
2.1,204,231,1.第一印象,总结：阿纳姆动物园拥有各种鸟类和黑猩猩圈养区，提供保护濒临灭绝的野生动物，研究黑猩猩可以检验关于它们内部关系系统的知识。
2.2,232,233,2.紧张爆发状态的预防,动物园将猴类动物以群落形式圈养，但大猿们仍未能过上适意的生活，因为担心可能导致流血冲突和疾病感染的危险。
2.2,234,235,2.紧张爆发状态的预防,1966年，安东与简・范・霍夫兄弟在阿纳姆动物园尝试一个雄心勃勃的项目，简曾经在新墨西哥的美国好罗曼空军基地研究黑猩猩群落的社会行为。美国的黑猩猩群落设想很好，但未能成功。紧张的你争我斗气氛一直弥漫。
2.2,236,238,2.紧张爆发状态的预防,缺乏隔离设施导致黑猩猩群落内部紧张情绪增长，从而引发暴力冲突，缺乏和谐群落生活的基本先决条件。
2.2,239,241,2.紧张爆发状态的预防,人类提供食物给动物会扰乱和平，研究表明香蕉会增加黑猩猩的攻击性。阿纳姆通过让公众与动物保持距离，有效地解决了食物争夺问题。
2.2,242,244,2.紧张爆发状态的预防,猴群每天晚上分组进食，食物包括苹果、橘子、香蕉、胡萝卜、洋葱、面包、牛奶、鸡蛋和猴狗，夏季还有草、橡子、山毛榉果、叶子、昆虫和食用菌。
2.2,245,246,2.紧张爆发状态的预防,"野生环境中的黑猩猩花大量时间觅食，而动物园中的黑猩猩则有更多时间""社会化""，因为空间有限，他们不可能隔离群体。"
2.2,247,248,2.紧张爆发状态的预防,荷兰冬季对黑猩猩来说是严酷的，他们在一个有暖气的建筑物中度过，但大厅只有户外圈养区的1/20，导致黑猩猩之间摩擦和愤怒。
2.2,249,251,2.紧张爆发状态的预防,黑猩猩在冬季更容易发生攻击事件，但一旦猿们被放进户外圈养区，就会发出尖叫声和吼叫声，互相拥抱和亲吻。
2.2,252,253,2.紧张爆发状态的预防,猿类重获自由，毛发变厚密闪亮，脸色恢复，紧张情绪消散，喜悦显而易见。
2.2,232,238,2.紧张爆发状态的预防,安东和简・范・霍夫兄弟试图在阿纳姆动物园建立猴类群落，但由于担心可能引发暴力冲突和疾病感染，未能成功。
2.2,239,246,2.紧张爆发状态的预防,"人类提供食物会扰乱动物和平，阿纳姆通过让公众与动物保持距离解决了食物争夺问题。野生环境中的黑猩猩花大量时间觅食，而动物园中的黑猩猩则有更多时间""社会化""。"
2.2,247,253,2.紧张爆发状态的预防,黑猩猩在冬季受到严酷的环境，但一旦被放进户外圈养区，就会表现出喜悦，毛发变厚密闪亮，脸色恢复，紧张情绪消散。
2.2,232,253,2.紧张爆发状态的预防,"安东和简・范・霍夫兄弟试图在阿纳姆动物园建立猴类群落，但未能成功。阿纳姆通过让公众与动物保持距离解决了食物争夺问题，黑猩猩在动物园中有更多时间""社会化""，放进户外圈养区后表现出喜悦，毛发变厚密闪亮，脸色恢复，紧张情绪消散。阿纳姆动物园为黑猩猩提供了安全的环"
2.3,254,255,3.大逃亡,安东・范・霍夫的进取心和胆量以及少而精的理念，使得我们的灵长类动物展示中心在1971年8月正式对外开放，由德斯蒙德・莫里斯主持开放仪式。
2.3,256,257,3.大逃亡,莫里斯发表开幕词，将多毛的亲戚们放进圈养区，预言他们可能会发明筏或梯子来渡河或登墙。
2.3,258,259,3.大逃亡,洛克是路易斯安那的黑猩猩群落中最聪明的，他发明了一种用竿子当梯子的工具，其他黑猩猩也很快学会了使用，甚至彼此帮助攀爬。
2.3,260,261,3.大逃亡,阿纳姆黑猩猩群落发生了一次令人难忘的逃逸事件，他们利用树枝搭建梯子爬上4米高的围墙，似乎有事先商量的迹象。
2.3,262,263,3.大逃亡,十几只黑猩猩翻墙偷水果，在大餐馆填饱肚子，然后尽情享受水果的美味。
2.3,264,265,3.大逃亡,通过核实，发现原故事的核心是真实的，但是在流传过程中被添油加醋改编过。
2.3,266,267,3.大逃亡,餐馆只有一只黑猩猩大妈妈逃出，她从柜台爬过来，并对收款台有兴趣，最后安静地喝完了一瓶巧克力增香牛奶。
2.3,268,270,3.大逃亡,黑猩猩团队共同努力实现了一次令人难忘的大逃亡，借助一根5米长的粗大而沉重的树枝，证明了它们的创造性。
2.3,271,272,3.大逃亡,黑猩猩利用枯死的橡树折断长树枝，用来爬过带电的铁栅栏，以便能够爬上活树，但仍有逃跑机会。
2.3,273,274,3.大逃亡,黑猩猩有时会试图逃跑，但在事情发生时，没有任何可以让人发笑的地方，饲养员和他们之间只有在有栏杆的情况下才能保持友好关系。
2.3,275,276,3.大逃亡,动物园中的黑猩猩因其强大的力量和喜怒无常的性格而具有致命的威胁，而野生的黑猩猩则学会害怕人类及其武器。
2.3,277,278,3.大逃亡,野生黑猩猩可以与人类更近距离相处，而动物园中的黑猩猩则需要保持较远距离。
2.3,279,281,3.大逃亡,"Can you explain the process of how to create a successful marketing campaign?

How can I create a successful marketing campaign?"
2.3,254,261,3.大逃亡,安东・范・霍夫的少而精理念使得灵长类动物展示中心在1971年8月正式开放，洛克发明了用竿子当梯子的工具，阿纳姆黑猩猩群落利用树枝搭建梯子爬上围墙，展示了他们的进取心和智慧。
2.3,262,272,3.大逃亡,十几只黑猩猩翻墙偷水果，在餐馆填饱肚子，最后用5米长的树枝爬过带电的铁栅栏，实现了一次令人难忘的大逃亡。
2.3,273,281,3.大逃亡,黑猩猩在动物园和野外有不同的行为，动物园中的黑猩猩需要保持距离，野外的黑猩猩则学会害怕人类及其武器。
2.3,254,281,3.大逃亡,安东・范・霍夫的少而精理念使得灵长类动物展示中心在1971年8月正式开放，黑猩猩群落利用智慧和进取心实现了一次令人难忘的大逃亡，动物园中的黑猩猩需要保持距离，野外的黑猩猩则学会害怕人类及其武器。
2.4,282,283,4.动物行为学与感知,教师带领学生观察黑猩猩，发现它们按照高低排列，高的是首领，低的是部下，发现了动物行为学与感知的教育价值。
2.4,284,286,4.动物行为学与感知,耶罗恩居于统治地位，他的武力炫示以跺脚音乐会形式结束，其他猿们也有自己的低等级。
2.4,287,288,4.动物行为学与感知,教师利用丰富的想象力将黑猩猩的行为比喻成政变，以此解救自己。
2.4,289,290,4.动物行为学与感知,这篇文章指出，尽管研究者对群落有深入的了解，但仍无法确保书中的解释都是正确的。
2.4,291,292,4.动物行为学与感知,科学家们宁愿保持沉默而不回答问题，而自负的年轻教师滔滔不绝地发表己见，这两种态度都会导致一事无成。
2.4,293,294,4.动物行为学与感知,动物行为学是一种生物学研究，由康拉德・劳伦兹和尼科・廷贝亨在1930年代在德国、荷兰和英国发展起来，旨在在犹豫不决和走得太远之间寻求平衡。
2.4,295,296,4.动物行为学与感知,"心理学家则采用实验方法，激励动物进行某种特定行为，以研究它们的感知能力。

动物行为学强调观察动物自发行为，而感知心理学则采用实验方法激励动物进行特定行为，以研究它们的感知能力。"
2.4,297,298,4.动物行为学与感知,"学习感知是必要的，新学生刚开始时完全""看""不到任何东西，但通过解释可以让他们理解。"
2.4,299,300,4.动物行为学与感知,我们从学生的角度看到的只是黑猩猩的混乱行为，但实际上，真正的问题是我们自身理解能力的缺失。
2.4,301,303,4.动物行为学与感知,一个人需要熟悉个体、关系、行为等，才能真正理解所见到的情景。而一个熟练的人只需几秒钟就能看清并记住所有细节。
2.4,304,305,4.动物行为学与感知,有经验的人能够把棋子之间的关系理解出来，而没有经验的人则只能记住棋子的位置，这就是理解力上的差异。学习感知就是学会认出模式的组成部分有规律地出现。
2.4,306,307,4.动物行为学与感知,熟悉棋子或黑猩猩交互模式后，它们的行为变得引人注目且易懂，令人难以想象其他人会被细节困住而无法把握动作逻辑。
2.4,282,292,4.动物行为学与感知,教师带领学生观察黑猩猩，发现它们按等级排列，发现了动物行为学与感知的教育价值。科学家们宁愿保持沉默而不回答问题，而自负的年轻教师发表己见，这两种态度都会导致一事无成。通过观察黑猩猩，发现了动物行为学与感知的教育价值，但科学家和教师的态度都会影响研究结果。
2.4,293,298,4.动物行为学与感知,
2.4,299,305,4.动物行为学与感知,学习感知能力的差异导致我们对黑猩猩行为的理解不同，熟练的人能够把棋子之间的关系理解出来，而没有经验的人则只能记住棋子的位置。
2.4,306,307,4.动物行为学与感知,棋子或黑猩猩的行为变得引人注目、易懂，令人惊叹其他人竟然会被细节困住。
2.4,282,305,4.动物行为学与感知,通过观察黑猩猩，发现了动物行为学与感知的教育价值，但科学家和教师的态度会影响研究结果，学习感知能力的差异也会影响对黑猩猩行为的理解。
2.4,306,307,4.动物行为学与感知,棋子和黑猩猩的行为令人惊叹，因为它们能够把细节发挥到极致。
2.4,282,307,4.动物行为学与感知,研究发现，观察黑猩猩可以提升动物行为学和感知能力的教育价值，但科学家和教师的态度和学习感知能力的差异会影响研究结果。黑猩猩和棋子的行为令人惊叹，因为它们能够把细节发挥到极致。
2.5,308,310,5.信息交流的信号与侧向行为,黑猩猩的面部表情可以用来推测它们的心情，牙齿的暴露程度可以用来区分游戏心态和焦虑心情，但对于旁观者来说，它们的表情可能是一种误解。
2.5,311,312,5.信息交流的信号与侧向行为,这段文字描述了一种可怕的露齿似笑的表情，可以在婴儿独处或猿群冲突时看到，伴随着尖叫声。
2.5,313,314,5.信息交流的信号与侧向行为,每次步行穿过公园时，我都会听到耶罗恩的尖叫声，赶紧跑到圈养区去看黑猩猩们的壮观场景，他们通过咆哮、咕哝、呜咽以及吼叫等来进行交流。
2.5,315,317,5.信息交流的信号与侧向行为,"但是当他站起来的时候，这个姿势就会变得明显。

学习识别每个个体的声音需要反复播放，以及了解不同个体之间的差异，比如丹迪的特殊手势。"
2.5,318,320,5.信息交流的信号与侧向行为,"大妈妈用摇头的方式表达""不""，格律勒蹒跚着走向可能的毛皮护理伙伴，另一只雌黑猩猩出现在大妈妈和格律勒之间。"
2.5,321,323,5.信息交流的信号与侧向行为,"Can you explain the process of how to create a successful marketing campaign?

How can I create a successful marketing campaign?"
2.5,324,326,5.信息交流的信号与侧向行为,黑猩猩的邀请手势在政治斗争中起重要作用，它们的非语言交流形式也与人类共有，某些特殊的信号可能受人类影响。
2.5,327,328,5.信息交流的信号与侧向行为,阿纳姆群落中的猿与野生同类之间在信息交流上没有差异，表现出引人注目的虚张声势的武力炫示。
2.5,329,330,5.信息交流的信号与侧向行为,* 他们观察了许多星期，最终发现一只成年雌黑猩猩可以操控行为，并带着石头离开，这是一个世纪性的发现。
2.5,331,332,5.信息交流的信号与侧向行为,"雄黑猩猩会发生""没收""行为，但没有攻击性反应，有时会尝试挣脱或寻找其他物品继续炫耀武力。"
2.5,333,334,5.信息交流的信号与侧向行为,雄黑猩猩的武器可能被没收，学习识别社会互动行为比学习识别通讯信号更难，攻击性的互动行为是引起问题的首要原因。
2.5,335,336,5.信息交流的信号与侧向行为,"。
黑猩猩在冲突中会出现复杂的行为模式，包括指向对手的行为和指向同伴或旁观者的侧向行为，如寻求庇护和安慰。"
2.5,337,339,5.信息交流的信号与侧向行为,未成年猿会尖叫跑向母亲，成年猿会跑向最高统治者，黑猩猩会接触其他黑猩猩以安静下来。
2.5,340,342,5.信息交流的信号与侧向行为,"和安慰的需求让猿类忘记了对手。

猿类在面临攻击时会寻求安慰，以至于忘记了对手。"
2.5,343,345,5.信息交流的信号与侧向行为,请求帮助是以伸出一只手的方式完成的，当另一只黑猩猩站起身来支持时，这种请求的程序就变得明显，如果支持者显出犹豫，程序就会重新开始。
2.5,346,347,5.信息交流的信号与侧向行为,雌黑猩猩们请求雄黑猩猩帮助攻击对手，并以愤怒的咆哮和指着对手的不同寻常手势表达挑战。
2.5,348,349,5.信息交流的信号与侧向行为,雌黑猩猩在困惑的情况下用指的方式表明对手，而自己不参与冲突，这表明它们有可控制的本能，而不是传统看法中的不可控制的本能。
2.5,350,351,5.信息交流的信号与侧向行为,早期动物行为学家研究的物种攻击性具有间隔功能，但社会动物如何维持内聚力的群落仍未知。
2.5,352,353,5.信息交流的信号与侧向行为,黑猩猩群落中发现原先的对手会互相吸引，大多数情况下接触而不是回避，安格琳・范・罗丝马伦发现黑猩猩之间的和解现象。
2.5,354,355,5.信息交流的信号与侧向行为,两个原先的对手在战斗结束后会互相拥抱和亲吻，表达强烈的情感，即使没有达成和解，也会有一方主动去接近另一方，消融紧张和疑虑的气氛。
2.5,356,357,5.信息交流的信号与侧向行为,"安格琳证明，战斗结束后，对手之间的接触更加热烈，典型表现为亲吻，被称为""和解""，但有人反对，建议使用中性术语""冲突后的第一次接触""。"
2.5,358,359,5.信息交流的信号与侧向行为,接吻、拥抱、脸和手都可以用非拟人化术语来描述，但这会让人们失去尊严感，因此应该保留拟人化术语。
2.5,360,361,5.信息交流的信号与侧向行为,* 黑猩猩强烈地表现出寻求和解的需求，需要付出努力才能习惯这种现象。
2.5,362,363,5.信息交流的信号与侧向行为,伊冯的责骂让巧蔻反思，最终她用一个黑猩猩式的响吻表达了自己的歉意。
2.5,364,366,5.信息交流的信号与侧向行为,巧蔻的拥抱感动了伊冯，让她认识到动物也能有强烈的情感，并且可以形成联盟来对抗威胁。
2.5,367,369,5.信息交流的信号与侧向行为,黑猩猩不会未经考虑就采取行动，需要仔细观察和耐心收集信息，每天平均有5-6起结盟事件。
2.5,370,371,5.信息交流的信号与侧向行为,研究小组通过观察记录了1000-1500起结盟事件，分析结果表明黑猩猩有选择性地干预群体内的冲突，每个成员有自己喜欢和不喜欢的个体，这种情感态度支配着他们的行为。
2.5,372,373,5.信息交流的信号与侧向行为,黑猩猩群体中的关系有偏向性，但可能会发生变化，这是一个复杂的问题，因为它涉及到三角关系。
2.5,374,375,5.信息交流的信号与侧向行为,"研究结盟现象使我们有机会深入了解黑猩猩群体的""三维""生活，1965年欧凡・迪伏奥与罗纳德・霍尔发表了关于狒狒群体由两到三只成年雄狒狒共同领导的研究成果。"
2.5,376,377,5.信息交流的信号与侧向行为,离开了彼此的支持，雄狒狒没有多大影响力，核心层成员必须形成共同阵线才能控制对手。荣・纳德勒的研究显示，群体中最高职位依赖于攻击性的合作。
2.5,378,380,5.信息交流的信号与侧向行为,4只成年雌大猩猩和2只雄大猩猩组成的群落，凯勒巴尔和冉之间的竞争导致了激烈的战斗。
2.5,381,382,5.信息交流的信号与侧向行为,凯勒巴尔在一场短暂的斗殴中受伤，被从群落中转移出去。
2.5,383,385,5.信息交流的信号与侧向行为,* 雌性大猩猩支持雄性登上首领宝座，而冉则迫使雌性大猩猩支持他，这令人惊讶。
2.5,386,387,5.信息交流的信号与侧向行为,"""

雌大猩猩们顺从雄大猩猩的行为可能是由于黑猩猩的政治精妙复杂，联盟是决定成年雄黑猩猩关系和势力范围的重要因素。"
2.5,388,389,5.信息交流的信号与侧向行为,黑猩猩贡姆河流域群落中法本与费甘兄弟之间的联盟发展与阿纳姆黑猩猩群落中的发展过程相似，只有细节上的差异。
2.5,390,391,5.信息交流的信号与侧向行为,西田利贞在坦桑尼亚的马哈尔山上进行的黑猩猩行为研究表明，阿纳姆动物园与荒野中的黑猩猩之间存在行为相似性，现有分析的许多核心概念可以有效地理解马哈尔山上黑猩猩之间的等级关系变化。
2.5,392,393,5.信息交流的信号与侧向行为,克里斯多夫・勃姆比较了贡姆河国家公园和阿纳姆动物园中黑猩猩的平息性干涉，发现雌黑猩猩在不同群落之间存在较大差异，阿纳姆的雌黑猩猩更具社会性和政治影响力。
2.5,308,314,5.信息交流的信号与侧向行为,黑猩猩的面部表情可以用来推测它们的心情，但对于旁观者来说可能是一种误解，它们会通过咆哮、咕哝、呜咽以及吼叫等来进行交流。
2.5,315,328,5.信息交流的信号与侧向行为,"Can you explain the process of how to create a successful marketing campaign?

How can I create a successful marketing campaign?"
2.5,329,336,5.信息交流的信号与侧向行为,"研究发现，黑猩猩可以操控行为，持有武器，学习识别社会互动行为，并在冲突中出现复杂的行为模式。这是一个世纪性的发现。
研究发现，黑猩猩可以操控行为，持有武器，学习识别社会互动行为，并在冲突中出现复杂的行为模式，这是一个世纪性的发现。"
2.5,337,347,5.信息交流的信号与侧向行为,
2.5,348,353,5.信息交流的信号与侧向行为,雌黑猩猩可以控制本能，而不是传统看法中的不可控制，安格琳・范・罗丝马伦发现黑猩猩之间的和解现象，表明它们可以维持内聚力的群落。
2.5,354,361,5.信息交流的信号与侧向行为,"拟人化术语可以表达出对手之间的情感，消融紧张和疑虑的气氛。

黑猩猩在战斗结束后会互相拥抱和亲吻，表达对和解的强烈需求，拟人化术语可以表达出对手之间的情感，消融紧张和疑虑的气氛。"
2.5,362,371,5.信息交流的信号与侧向行为,黑猩猩有强烈的情感，可以形成联盟来对抗威胁，研究发现它们有选择性地干预群体内的冲突，每个成员有自己喜欢和不喜欢的个体，这种情感态度支配着它们的行为。
2.5,372,377,5.信息交流的信号与侧向行为,研究表明，黑猩猩群体中的关系有偏向性，但可能会发生变化，涉及到三角关系，雄狒狒需要形成共同阵线才能控制对手，最高职位依赖于攻击性的合作。
2.5,378,389,5.信息交流的信号与侧向行为,
2.5,390,393,5.信息交流的信号与侧向行为,西田利贞的研究表明，阿纳姆动物园和荒野中的黑猩猩之间存在行为相似性，勃姆发现雌黑猩猩在不同群落之间存在较大差异，阿纳姆的雌黑猩猩更具社会性和政治影响力。
2.5,308,347,5.信息交流的信号与侧向行为,"黑猩猩的面部表情可以用来推测它们的心情，但可能会被误解，它们也会通过咆哮、咕哝、呜咽以及吼叫等来进行交流。

黑猩猩可以控制行为、持有武器、学习识别社会互动行为，并在冲突中出现复杂行为模式，面部表情可以推测它们的心情，但可能会被误解，还会通过咆哮、咕哝、呜咽以及吼叫等来进行"
2.5,348,361,5.信息交流的信号与侧向行为,
2.5,362,389,5.信息交流的信号与侧向行为,黑猩猩有强烈的情感，可以形成联盟来对抗威胁，有偏向性的关系可能会发生变化，雄狒狒需要形成共同阵线才能控制对手。
2.5,390,393,5.信息交流的信号与侧向行为,西田利贞的研究发现，阿纳姆动物园和荒野中的黑猩猩之间存在行为相似性，但雌黑猩猩在不同群落之间存在显著差异，阿纳姆的雌黑猩猩更具社会性和政治影响力。
2.5,308,389,5.信息交流的信号与侧向行为,
2.5,390,393,5.信息交流的信号与侧向行为,西田利贞的研究发现，黑猩猩在阿纳姆动物园和荒野中行为相似，但雌黑猩猩在不同群落存在显著差异，阿纳姆的雌黑猩猩具有更强的社会性和政治影响力。
2.5,308,393,5.信息交流的信号与侧向行为,西田利贞发现，黑猩猩在荒野和阿纳姆动物园行为相似，但雌黑猩猩在不同群落存在显著差异，阿纳姆的雌黑猩猩具有更强的社会性和影响力。
2.6,394,395,6.稳妥的解释和大胆的解释,通过观察动物的行为，我们可以推断出它们的情绪状态，从而分辨出稳妥的解释和大胆的解释。
2.6,396,397,6.稳妥的解释和大胆的解释,我们通过无意识学习获得的直觉可以帮助我们理解狗的情绪状态，但科学家们需要搞清楚其背后的原因才能完全满意。
2.6,398,399,6.稳妥的解释和大胆的解释,简・范・霍夫利用无意识方法系统地研究黑猩猩的社会行为，并用计算机筛选出内在联系的行为模式组合。
2.6,400,401,6.稳妥的解释和大胆的解释,"他将行为模式组合分为""顺从""和""进攻""，可以推断出咆哮属于攻击，尖叫和哀嚎属于顺从。计算机只能提供行为模式之间的联系，无法指出其背后的意义。"
2.6,402,403,6.稳妥的解释和大胆的解释,"范・霍夫将行为系统称为""行为""而不是""情感""或""动机""，以便更好地描述黑猩猩的""亲密""行为。"
2.6,404,405,6.稳妥的解释和大胆的解释,这段文字描述了有意识和本能的动物行为，以及它们之间的区别，并举例说明了动物行为可能完全没有意识。本文强调了有意识和本能的动物行为之间的差异，以及动物行为可能完全没有意识。
2.6,406,407,6.稳妥的解释和大胆的解释,大猿表现出灵活性，似乎知晓他们的信号会产生什么效果，并能够利用信号影响其他个体。
2.6,408,409,6.稳妥的解释和大胆的解释,吉米和特普尔在热天下带着孩子乘凉，大妈妈也在一旁睡着，但孩子们却开始互相打架，吉米用温和而有威胁的咕哝声告诫他们，特普尔也不安地移动了位置。
2.6,410,412,6.稳妥的解释和大胆的解释,特普尔唤醒大妈妈，她以威胁性的一步和大声吼叫让两个孩子停止吵架，大妈妈受到尊敬，孩子们的冲突可能会导致母亲们之间的紧张。
2.6,413,414,6.稳妥的解释和大胆的解释,两位母亲为了保护自己的孩子而产生紧张，特普尔请出第三方大妈妈仲裁，耶罗恩在与尼基的战斗中受伤。
2.6,415,416,6.稳妥的解释和大胆的解释,耶罗恩的伤口虽然不深，但迪尔克・福克马认为他只是在尼基面前表现出瘸着走路。
2.6,417,418,6.稳妥的解释和大胆的解释,耶罗恩演戏装瘸，让尼基相信他受伤严重，以此获得胜利。
2.6,419,420,6.稳妥的解释和大胆的解释,耶罗恩知道只有当被尼基看到时，他的信号才会起作用，因此装出可怜相。例3乌特是一只3岁的雄黑猩猩。
2.6,421,422,6.稳妥的解释和大胆的解释,
2.6,423,424,6.稳妥的解释和大胆的解释,母亲为了避免惩罚，堵上儿子的嘴，以此来防止事态变得过于严重。
2.6,425,426,6.稳妥的解释和大胆的解释,"母亲不愿因孩子失礼行为惹麻烦，丹迪与雌黑猩猩""预约""后时不时地成功交配。"
2.6,427,429,6.稳妥的解释和大胆的解释,"丹迪和雌黑猩猩之间的""约会""表明了性交的信号抑制和隐藏，丹迪还担心被其他雄黑猩猩发现。"
2.6,430,431,6.稳妥的解释和大胆的解释,丹迪和鲁伊特都试图避免被其他雄黑猩猩发现他们正在进行性行为，以免受到惩罚。
2.6,432,433,6.稳妥的解释和大胆的解释,鲁伊特观察尼基的动静，最终离开，留下尼基与雌黑猩猩。
2.6,434,436,6.稳妥的解释和大胆的解释,雌黑猩猩在性高潮时发出尖叫以泄露交配秘密，但乌尔在成年后只在与雄1号交配时发出尖叫。
2.6,437,438,6.稳妥的解释和大胆的解释,"乌尔在""幽会""期间发出无声的尖叫，表明她正在努力抑制激情，而雄黑猩猩们则有自己的方法来掩盖性兴奋的证据。"
2.6,439,441,6.稳妥的解释和大胆的解释,鲁伊特大胆行为表明他对雄1号的自信，而另一只雄短尾猕猴则表现出不必要的胆怯和顺服，以至于雄1号可能会意识到究竟是怎么回事。
2.6,442,442,6.稳妥的解释和大胆的解释,鲁伊特比短尾猕猴更擅长伪装，没有任何让人怀疑的行为，让人无法发现他的流产。
2.6,394,401,6.稳妥的解释和大胆的解释,通过观察动物行为，科学家们可以推断出它们的情绪状态，简・范・霍夫利用无意识方法系统研究黑猩猩的社会行为，并用计算机筛选出内在联系的行为模式组合，但无法指出其背后的意义。
2.6,402,407,6.稳妥的解释和大胆的解释,范・霍夫提出了行为系统的概念，以更好地描述动物之间的亲密行为，强调了有意识和本能的动物行为之间的差异，以及动物行为可能完全没有意识。
2.6,408,416,6.稳妥的解释和大胆的解释,母亲们为了保护孩子而产生紧张，特普尔请出第三方大妈妈仲裁，耶罗恩受伤。
2.6,417,429,6.稳妥的解释和大胆的解释,"耶罗恩装瘸获得胜利，丹迪与雌黑猩猩""约会""表明性交信号的抑制和隐藏。"
2.6,430,441,6.稳妥的解释和大胆的解释,丹迪和鲁伊特试图掩盖性行为，乌尔发出无声尖叫表明抑制激情，而另一只雄短尾猕猴则表现出胆怯和顺服。
2.6,442,442,6.稳妥的解释和大胆的解释,"Lutungs are better at camouflage than the short-tailed macaques, with no suspicious behavior that can reveal their pregnancy."
2.6,394,416,6.稳妥的解释和大胆的解释,科学家们通过观察动物行为推断它们的情绪状态，范・霍夫提出行为系统概念，强调有意识和本能的动物行为差异，以及可能没有意识的行为。
2.6,417,442,6.稳妥的解释和大胆的解释,"耶罗恩装瘸获胜，丹迪和雌黑猩猩""约会""表明性交信号的抑制和隐藏，乌尔发出无声尖叫表明抑制激情，另一只雄短尾猕猴表现出胆怯和顺服，鲁伊特比短尾猕猴更擅长掩饰怀孕。"
2.6,394,442,6.稳妥的解释和大胆的解释,科学家们通过观察动物行为推断它们的情绪状态，范・霍夫提出行为系统概念，强调有意识和本能的行为差异，以及可能没有意识的行为。研究表明，动物行为可以抑制、隐藏、激情和掩饰。
2.7,443,444,7.理性的行为,黑猩猩具有智商很高的能力，可以有目的地思考，而其他物种则缺乏这种能力。
2.7,445,446,7.理性的行为,黑猩猩能够在没有任何以往的效果作为证据的情况下出现目标导向的行为，有效地设想出解决方案。
2.7,447,449,7.理性的行为,特普尔凭借自身的社会经验，发现了一种有效的解决办法，黑猩猩的特殊能力是将各种知识片段结合起来。
2.7,450,452,7.理性的行为,黑猩猩具有理性思维能力，能够运用过去的经验权衡某个选择的后果，从而实现某个目的。
2.7,453,454,7.理性的行为,"）

灵长类动物的高智力可能是由于应对复杂群体生活而形成的社会智力假设，这一概念也可以用于解释人类大脑的扩张。"
2.7,455,457,7.理性的行为,库默尔观察到瑞士苏黎世动物园的雌狒狒们会征召雄狒狒作为支持者，以对抗雌性对手，这表明灵长类动物在攻击性遭遇战中不仅会互相联手，还会有更多的行动来征召支持者。
2.7,458,460,7.理性的行为,库默尔指出，灵长类动物需要具备高度发达的调节动机和评估复杂社会形势的能力，以适应变化无常的社会环境。
2.7,461,462,7.理性的行为,乔里和尼克・哈姆弗莱提出灵长类动物智能的进化是在社会环境压力下发生的，并且研究了它们如何解决社会问题和技术问题。
2.7,463,465,7.理性的行为,* 1975年，作者熟悉库默尔的观点，对灵长类动物请求帮助的战术性步骤感兴趣，阿纳姆的黑猩猩表现出比长尾猕猴多得多的战略战术，令作者深感困惑，寻求灵感而读尼科罗・马基雅弗利的著作。
2.7,466,468,7.理性的行为,"尽管如此，作者仍负责向佛罗伦萨的人类本性的历史记录者介绍灵长类动物学，但对于理查德・拜恩和安德鲁・怀腾提出的""马基雅弗利式的智慧""一词，作者并不认同。社会认知涵盖的内容比这更多。"
2.7,469,470,7.理性的行为,智慧动物会根据经验聪明地解决冲突，但不能单方面强调一方的智慧高于另一方。
2.7,471,472,7.理性的行为,"灵长类动物的智力进化是由于需要智胜""人""，达成双赢的妥协，黑猩猩在社会活动方面出色，技术发明才能低于人类。"
2.7,443,452,7.理性的行为,黑猩猩具有高智商，可以有目的地思考，运用经验权衡选择后果，实现目的。
2.7,453,460,7.理性的行为,灵长类动物的高智力可能是由于应对复杂群体生活而形成的社会智力假设，这一概念也可以用于解释人类大脑的扩张。灵长类动物需要具备高度发达的调节动机和评估复杂社会形势的能力，以适应变化无常的社会环境。
2.7,461,465,7.理性的行为,乔里和尼克・哈姆弗莱提提出灵长类动物智能的进化是在社会环境压力下发生的，研究它们如何解决社会和技术问题。1975年，作者受库默尔观点启发，对黑猩猩的战略战术表现出深感困惑，从而读尼科罗・马基雅弗利的著作寻求灵感。
2.7,466,472,7.理性的行为,"作者认为灵长类动物的智力进化是由于需要智胜""人""，达成双赢的妥协，但不能单方面强调一方的智慧高于另一方。社会认知涵盖的内容比这更多。"
2.7,443,460,7.理性的行为,黑猩猩具有高智商，可以有目的地思考，运用经验权衡选择后果，实现目的，这可能是由于灵长类动物应对复杂群体生活而形成的社会智力假设。
2.7,461,472,7.理性的行为,"乔里和尼克・哈姆弗莱提提出灵长类动物智能的进化是由于社会环境压力，以及智胜""人""的需要而发生的，但不能单方面强调一方的智慧高于另一方，社会认知涵盖的内容更多。"
2.7,443,472,7.理性的行为,"黑猩猩具有高智商，乔里和尼克・哈姆弗莱提提出灵长类动物智能的进化是由于社会环境压力和智胜""人""的需要而发生的，但不能单方面强调一方的智慧高于另一方。社会认知涵盖的内容更多。"
3,473,473,第三部分,"提出了一种新的解决方案，它可以有效地解决问题。
新方案可有效解决问题。"
3.0,474,476,1.黑猩猩们的个性,黑猩猩有独特的个性，从外表到嗓音、行走方式到与同伴的互动，都有明显的差异。
3.0,477,478,1.黑猩猩们的个性,黑猩猩具有丰富的个性，从与他们一起工作的人的梦中可以看出，猿也是一个个个体。
3.0,479,480,1.黑猩猩们的个性,对于梦到猿的经历，作者不感到惊讶，因为他自己也曾梦到过黑猩猩，耶罗恩甚至与他握手。
3.0,481,483,1.黑猩猩们的个性,他拒绝了我的请求，认为他们的社会不适合我，并批评灵长类动物学家将动物人类化的做法。他们建议重视物种典型特征的行为，而不是个体之间的差别。
3.0,484,486,1.黑猩猩们的个性,日本灵长类动物学家们于1950年代开始大规模使用个体区别，考虑动物行为的独特基因构成、生活史及社会背景等因素。
3.0,487,488,1.黑猩猩们的个性,"研究者发现，数字编码后的观察对象会被自动视为""人""物，1979年有23个猿群成员，其中7个有较高影响力，将被描述。"
3.0,489,489,1.黑猩猩们的个性,"本书记录了1979年16只黑猩猩，分属3个以""第一母亲""为核心的雌性小组。"
3.0,474,483,1.黑猩猩们的个性,黑猩猩具有丰富的个性，表现出明显的外表、嗓音、行走方式和与同伴的互动差异，应重视物种典型特征的行为，而不是个体之间的差别。
3.0,484,489,1.黑猩猩们的个性,"日本灵长类动物学家们从1950年代开始，大规模使用个体区别，研究动物行为的基因构成、生活史及社会背景等因素，本书记录了1979年16只黑猩猩，分属3个以""第一母亲""为核心的雌性小组。"
3.0,474,489,1.黑猩猩们的个性,日本灵长类动物学家们重视物种典型特征的行为，研究黑猩猩的基因构成、生活史及社会背景等因素，记录了1979年16只黑猩猩的行为特征。
3.1,490,491,2.大妈妈（1）,大妈妈是群落中年纪最大的黑猩猩，大约40岁，她的注视具有巨大的力量，在群落中深受尊敬，地位相当于家庭中的老祖母。
3.1,492,493,2.大妈妈（1）,大妈妈在群落中扮演着调解者的角色，帮助缓解紧张关系，结束冲突。
3.1,494,495,2.大妈妈（1）,群落中的猿们联合起来追赶尼基，最终将其围困在树上，使其无法逃跑。
3.1,496,497,2.大妈妈（1）,"大妈妈爬上树抚摸尼基，尼基与对手们""握手言和""，大妈妈体型宽大、强壮，有时会做出鬼脸，可能是因为关节痛苦。"
3.1,498,499,2.大妈妈（1）,大妈妈在群落建立初期就表现出英勇和果断，成功统治18个月，直到3只成年雄黑猩猩出现，他们没有挑战她的权力，反而遭受追咬和扭打。
3.1,500,501,2.大妈妈（1）,三只雄黑猩猩在冬天的室内大厅中互相紧靠，早晨期待着雌黑猩猩出现的到来。
3.1,502,503,2.大妈妈（1）,"雄黑猩猩以叠""人""梯的方式在大妈妈和她的朋友的指挥下进行防卫，但雌黑猩猩的挑衅性武力炫示令他们感到恐惧。"
3.1,504,505,2.大妈妈（1）,经过一段时间，大妈妈和新来的黑猩猩建立了友好关系，但仍然存在暴力冲突。
3.1,506,507,2.大妈妈（1）,大妈妈拒绝接受雄黑猩猩的倾向，人为干预使其结束，耶罗恩通过鼓乐会让黑猩猩们服从。
3.1,508,509,2.大妈妈（1）,耶罗恩凭借击鼓和冲锋赢得头领地位，大妈妈和格律勒被允许回到群落，双方都感到困窘。
3.1,510,511,2.大妈妈（1）,提歇・范・伍尔芙藤・泡斯见证并记录了黑猩猩群落中的惊人场景，充满喧嚣的大厅里，三只成年雄黑猩猩叠叠地堆聚在一起尖叫，因害怕而腹泻。
3.1,512,512,2.大妈妈（1）,大妈妈对雄黑猩猩充满敌意，清理自己身上的排泄物后发起多次攻击。
3.1,490,497,2.大妈妈（1）,"大妈妈是群落中的领袖，她的注视具有巨大的力量，帮助缓解紧张关系，结束冲突，让尼基与对手们""握手言和""。"
3.1,498,505,2.大妈妈（1）,大妈妈成功统治18个月，但最终还是被3只成年雄黑猩猩取代，双方之间存在暴力冲突，但最终还是建立了友好关系。
3.1,506,512,2.大妈妈（1）,大妈妈和耶罗恩通过鼓乐会让黑猩猩们服从，大妈妈发起攻击，耶罗恩赢得头领地位，双方都感到困窘。提歇・范・伍尔芙藤・泡斯见证了黑猩猩群落中的惊人场景。大妈妈拒绝接受雄黑猩猩，耶罗恩凭借击鼓和冲锋赢得头领地位，双方都感到困窘，提歇・范・伍尔芙藤・泡斯见证了黑猩猩群
3.1,490,505,2.大妈妈（1）,大妈妈是群落中的领袖，通过注视力量缓解紧张关系，帮助尼基与对手们建立友好关系。
3.1,506,512,2.大妈妈（1）,"落中的惊人场景。

大妈妈和耶罗恩通过鼓乐会让黑猩猩们服从，耶罗恩凭借击鼓和冲锋赢得头领地位，提歇・范・伍尔芙藤・泡斯见证了黑猩猩群落中的惊人场景。"
3.1,490,512,2.大妈妈（1）,
3.2,513,515,3.大妈妈（2）,大妈妈没有得到群落内任何其他成员的支持，耶罗恩与格律勒友好接触，雌黑猩猩团结崩溃，大妈妈的首领职位被废黜，耶罗恩成为老板，大妈妈的权威被瓦解。
3.2,516,517,3.大妈妈（2）,我们干预雄黑猩猩居于统治地位，是有充分理由的，尽管受到了女权主义者的指责。
3.2,518,519,3.大妈妈（2）,雄黑猩猩在室内无法成功，但在户外可以获得勇气，通过武力表演与大妈妈单打独斗。
3.2,520,521,3.大妈妈（2）,成年雄黑猩猩体格强壮，跑起来快，迅速接管权力，减少猿受伤的频率，保护猿免受大妈妈的伤害。
3.2,522,523,3.大妈妈（2）,耶罗恩的权力上升给群落带来了解脱，最受益的是地位最低的个体，雄性也更好地控制了攻击性，并通过介入雌性之间的战斗来防止冲突升级。
3.2,524,525,3.大妈妈（2）,"）

耶罗恩以温和的方式控制黑猩猩群落，减轻紧张状况，让雌黑猩猩及其孩子得以解脱。"
3.2,526,528,3.大妈妈（2）,几周后，雌黑猩猩之间的关系变得紧张，最终发生了互咬，雄黑猩猩被放进大厅，他们的出现结束了战斗，效果显著。
3.2,529,530,3.大妈妈（2）,群落决定住在一起以防止更进一步的伤害，大妈妈的权力变大，她用武力炫示威胁其他个体，并用荡秋千般的方式猛踢某扇金属门。
3.2,531,532,3.大妈妈（2）,* 大妈妈在两年的过渡期中不再表现出武力炫示行为，但对生儿育女没有兴趣，最终将孩子扔给朋友格律勒。
3.2,533,534,3.大妈妈（2）,大妈妈经历了从孩子被带走到接受第二个孩子的转变，变得放松宽容，女儿莫尼克活得像公主，大妈妈温和护犊之心。
3.2,535,536,3.大妈妈（2）,"老""女人""的暴力使得莫尼克部分地享有着群落内的尊敬。"
3.2,513,521,3.大妈妈（2）,大妈妈失去群落内的支持，耶罗恩凭借武力取得统治权，保护猿免受伤害。
3.2,522,528,3.大妈妈（2）,
3.2,529,536,3.大妈妈（2）,大妈妈利用武力炫示威胁其他个体，但随着时间的推移，她变得放松宽容，莫尼克得到群落的尊敬。
3.2,513,536,3.大妈妈（2）,耶罗恩利用武力取得统治权，大妈妈也利用武力炫示威胁，但随着时间的推移，她变得放松宽容，莫尼克得到群落的尊敬。
3.3,537,538,4.耶罗恩与鲁伊特,耶罗恩和鲁伊特是哥本哈根动物园里的两只最年长的雄黑猩猩，他们可能已经在同一只笼子里生活了好些年，耶罗恩比鲁伊特年长几岁，耶罗恩沉稳，鲁伊特顽皮淘气。
3.3,539,540,4.耶罗恩与鲁伊特,耶罗恩是两只雄黑猩猩中较为年长的一只，他的胡须灰白，精力不济，武力炫示时间短，结束后会显得疲惫。
3.3,541,542,4.耶罗恩与鲁伊特,鲁伊特在武力炫示中加倍努力，以便抓住耶罗恩显出的疲劳迹象。
3.3,543,544,4.耶罗恩与鲁伊特,耶罗恩和鲁伊特有相同的背景，但他们之间的关系却经常被不和所模糊，他们既是互为竞争的对手，又是朋友。
3.3,545,546,4.耶罗恩与鲁伊特,本文讲述了两只变换角色的雄黑猩猩，让我们能够判断出他们的性格，否则会很难做出判断。
3.3,547,548,4.耶罗恩与鲁伊特,耶罗恩天生有敏锐的心计，积极进取，但有一项严重的生理缺陷阻碍了他的性兴奋。
3.3,549,551,4.耶罗恩与鲁伊特,鲁伊特性格坦率、友善，心情甚佳，给人可靠的印象，而耶罗恩则给人欺骗的印象。
3.3,552,552,4.耶罗恩与鲁伊特,鲁伊特以自身力量自豪，以优雅的武力炫示节奏感印象深刻，是其他黑猩猩无法比拟的。
3.3,537,544,4.耶罗恩与鲁伊特,耶罗恩和鲁伊特是哥本哈根动物园里的两只最年长的雄黑猩猩，他们之间既是竞争对手又是朋友，耶罗恩比鲁伊特年长，耶罗恩沉稳，鲁伊特顽皮淘气。
3.3,545,552,4.耶罗恩与鲁伊特,两只黑猩猩耶罗恩和鲁伊特，性格迥异，耶罗恩有敏锐的心计但有生理缺陷，鲁伊特友善坦率，以自身力量自豪，优雅的武力炫示节奏感印象深刻。
3.3,537,552,4.耶罗恩与鲁伊特,耶罗恩和鲁伊特是哥本哈根动物园里的两只最年长的雄黑猩猩，性格迥异，互相竞争又互相友善。
3.4,553,555,5.普伊斯特,普伊斯特是一只雌黑猩猩，拒绝交配，但定期具有性吸引力，热衷于手淫。
3.4,556,557,5.普伊斯特,普伊斯特是唯一一只有自慰习惯的猿，并且表现出同性恋行为。
3.4,558,559,5.普伊斯特,普伊斯特会接受雌黑猩猩的邀请，并与雄黑猩猩们竞争性交配，引发紧张的竞争气氛。
3.4,560,561,5.普伊斯特,"普伊斯特是黑猩猩群体中的""鸨母""，在性交活动中起着调节作用，支持雌黑猩猩拒绝性交，并与雄黑猩猩联手攻击。"
3.4,562,563,5.普伊斯特,普伊斯特是群落中最不受欢迎的成员，她给人以两面派与低贱的印象，经常与成年雄黑猩猩们为伴，并且不支持其他雌黑猩猩。
3.4,564,565,5.普伊斯特,普伊斯特是一只反常的雌黑猩猩，她会攻击其他雌黑猩猩，甚至说谎，让其他雌黑猩猩害怕她，令人惊讶。
3.4,566,568,5.普伊斯特,普伊斯特会以善意伪装的方式发起袭击，低级别的猿会表现出犹豫不决，表明普伊斯特是不可信的。
3.4,569,570,5.普伊斯特,"普伊斯特是雌黑猩猩群体中唯一一个与异性待在一起时间更长的成员，在两个半""球""之间占据中间位置，可能成为重新联结他们的重要中介因素。"
3.4,571,573,5.普伊斯特,"）

吉吉是一只体格巨大的雌黑猩猩，与普伊斯特不同的是，她不拒绝与雄性性交。"
3.4,574,576,5.普伊斯特,耶罗恩支持普伊斯特，但是尼基的坚持不懈最终使普伊斯特呈现生殖器，一年后生下健康女儿彭佳，最终证明自己是一个完美的母亲。
3.4,553,563,5.普伊斯特,普伊斯特是一只有自慰习惯的雌黑猩猩，表现出同性恋行为，在性交活动中起着调节作用，但受到群体的冷落。
3.4,564,573,5.普伊斯特,普伊斯特是一只反常的雌黑猩猩，以善意伪装的方式发起袭击，可能成为重新联结雌黑猩猩群体的重要中介因素。
3.4,574,576,5.普伊斯特,耶罗恩支持普伊斯特，尼基的坚持最终使普伊斯特成功生育，证明自己是一个完美的母亲。
3.4,553,576,5.普伊斯特,普伊斯特是一只反常的雌黑猩猩，表现出同性恋行为，受到群体的冷落，但最终在耶罗恩和尼基的支持下成功生育，可能成为重新联结雌黑猩猩群体的重要中介因素。
3.5,577,578,6.格律勒,格律勒是一只小巧纤细的雌黑猩猩，却拥有果断、坚定、果敢的性格，是群落中最有影响力的一员。
3.5,579,580,6.格律勒,格律勒与大妈妈的坚定同盟关系为其拥有高级社会地位提供了支持，他们互相支持、寻求安慰和拥抱，彼此之间的关系温暖而又牢固。
3.5,581,582,6.格律勒,格律勒照顾和保护着大妈妈与弗朗耶的孩子，自己生的孩子全都在几周内死了，但她仍然给了黑猩猩勇气，让它们敢于追赶对手。
3.5,583,585,6.格律勒,1979年，格律勒收养了茹丝耶，并用奶瓶喂养，经过10周的照料，格律勒开始有奶水，茹丝耶也完全依赖于她。
3.5,586,587,6.格律勒,茹丝耶最终能从格律勒获取足够的奶量，但饲养员们面临两个困难：格律勒喜欢喝奶，而且不专心观看示范动作。
3.5,588,590,6.格律勒,莫妮卡每天示范如何喂奶，但格律勒却总是朝着相反的方向看，这种张望方式表明她想尽可能接近新生婴儿，这种行为也可以在雌黑猩猩中观察到。
3.5,591,593,6.格律勒,她们通过模仿和条件反射的程序来学习，并在几周的训练后表现出理解的迹象。
3.5,594,595,6.格律勒,格律勒成功收养茹丝耶，让她享受到一个自然的童年时代，也让格律勒自己从死亡带来的悲伤中解脱出来。
3.5,596,598,6.格律勒,茹丝耶的收养激发了格律勒的产奶能力，使得她后来所生的孩子几乎不需要用奶瓶来补充喂养。
3.5,577,585,6.格律勒,格律勒是一只小巧纤细的雌黑猩猩，拥有果断、坚定、果敢的性格，是群落中最有影响力的一员，与大妈妈建立坚定同盟关系，照顾和保护着大妈妈与弗朗耶的孩子，收养茹丝耶，用奶瓶喂养，给了黑猩猩勇气。
3.5,586,595,6.格律勒,格律勒成功收养茹丝耶，通过模仿和条件反射的程序学习喂奶，让茹丝耶享受到一个自然的童年时代，也让格律勒自己从悲伤中解脱出来。
3.5,596,598,6.格律勒,茹丝耶的收养激发了格律勒的母乳喂养能力，使得孩子可以完全靠母乳喂养。
3.5,577,598,6.格律勒,格律勒是一只有影响力的黑猩猩，拥有果断、坚定、果敢的性格，成功收养茹丝耶，通过模仿和条件反射学习喂奶，让茹丝耶享受到一个自然的童年时代，也让格律勒自己从悲伤中解脱出来。
3.6,599,600,7.尼基与丹迪,尼基是这个故事中的青年英雄，他的无穷精力和行为具有催化剂的作用，改变了政治剧中的主要演员，使他们不能过上安逸的生活。
3.6,601,602,7.尼基与丹迪,尼基是一个聪明的乡巴佬，他破坏了群落的组织结构，在寒冷和炎热的日子里不断活动，还是群落中最快、最有运动特技的猿。
3.6,603,604,7.尼基与丹迪,尼基10岁时加入群落，以壮观的跳跃和筋斗炫示威胁性武力，萌发性兴趣，身体发育强壮，犬齿危险。
3.6,605,606,7.尼基与丹迪,尼基和丹迪是一对兄弟，尼基体型大而丹迪体型瘦小，丹迪智慧敏锐，是群落中最聪明的，会愚弄其他猿和人类。
3.6,607,609,7.尼基与丹迪,一个临时饲养员采用了一种新方法，成功地让丹迪走出笼子：用香蕉作为奖励。
3.6,610,612,7.尼基与丹迪,丹迪非凡的智力让他能够策划逃逸事件，甚至教会饲养员给他香蕉，令人不寒而栗。
3.6,613,614,7.尼基与丹迪,丹迪处于特殊的社会地位，黑猩猩的青春期持续几年，在此期间会疏远雌性和孩子，但未被成年雄性认可，独自漫游。
3.6,615,617,7.尼基与丹迪,青春期的丹迪黑猩猩会在母亲和亲属间来回游走，并试图在成年雄性团体中获得认可，但只能遭遇拒绝和粗暴对待，处于无法获得社会地位的苦恼之中。
3.6,618,619,7.尼基与丹迪,丹迪是一个孤独的黑猩猩，施嫔给了他母性的温暖和爱，他不得不靠狡诈来弥补体力上的不足，彼特・费拉曾目睹过他的惊异一幕。
3.6,620,621,7.尼基与丹迪,黑猩猩发现了人类带着装满水果的筐子，但未能成功抢走，许多猿从没有发现的地方走过去。
3.6,622,623,7.尼基与丹迪,丹迪悄悄地走到埋藏地点，毫不犹豫地挖出柚子独自享用，而不是将机会留给其他黑猩猩。
3.6,624,625,7.尼基与丹迪,研究发现，猿具有完美的欺骗能力，丹迪的行为让人吃惊，彼特・费拉来不及拍下这次事件。
3.6,599,606,7.尼基与丹迪,尼基是一个聪明的乡巴佬，他的无穷精力和行为具有催化剂的作用，改变了政治剧中的主要演员，使他们不能过上安逸的生活。他和弟弟丹迪一起改变了群落的组织结构，尼基以跳跃和筋斗炫示威胁性武力，丹迪以智慧敏锐愚弄其他猿和人类。尼基是这个故事中的青年英雄，他和弟弟丹迪一起改变了群落的组织
3.6,607,617,7.尼基与丹迪,"临时饲养员采用新方法成功让丹迪走出笼子，丹迪的智力让他能够策划逃逸，处于青春期的丹迪在母亲和亲属间来回游走，试图获得成年雄性团体的认可，但只能遭遇拒绝和粗暴对待。

丹迪黑猩猩的青春期持续几年，试图获得社会地位却只能遭遇拒绝和粗暴对待。"
3.6,618,625,7.尼基与丹迪,丹迪是一个有智慧的黑猩猩，他利用狡诈和母性的温暖和爱来获取水果，彼特・费拉惊讶地目睹了他的行为，证明了猿具有完美的欺骗能力。
3.6,599,606,7.尼基与丹迪,"结构，改变了政治剧中的主要演员。

尼基是一位聪明的乡巴佬，他和弟弟丹迪的行为改变了群落结构，他们的武力威胁和智慧改变了政治剧中的主要演员，尼基是这个故事中的青年英雄。"
3.6,607,625,7.尼基与丹迪,
3.6,599,625,7.尼基与丹迪,尼基和丹迪的行为改变了群落结构，改变了政治剧中的主要演员，尼基成为了青年英雄。
3.7,626,627,8.各雌性子群,雌性黑猩猩被分为三个子群，由经常待在一起、互相照顾的雌黑猩猩组成，其中最大的子群由大妈妈、格律勒、弗朗耶和安波组成，弗朗耶的牙齿和身体不好，可能是因为年纪大。
3.7,628,629,8.各雌性子群,弗朗耶天生迟疑胆怯，遇到危险时会大声吠叫，但其他黑猩猩不再注意，而成年雄黑猩猩或高等级雌黑猩猩发出的警报则会引起迅速反应。
3.7,630,631,8.各雌性子群,弗朗耶在遭遇麻烦时会紧张，但只有在丰士受到威胁时才会出手干预。丰士的表现可能是受到两只雌黑猩猩的保护影响。
3.7,632,633,8.各雌性子群,丰士和安波有着快乐友好的天性，安波被莫尼克迷住，耐心等待大妈妈允许抱孩子，最终可以背驮孩子走5米。
3.7,634,635,8.各雌性子群,安波是群落中最年长的四只雌黑猩猩之一，她从少年时期就加入群落，并且不断增加距离，承担起大量的搬运和看护工作，这些年来，这些年轻的雌黑猩猩都相继进入了青春期。
3.7,636,638,8.各雌性子群,"Can you explain the process of creating a successful marketing campaign?

How can I create a successful marketing campaign?"
3.7,639,640,8.各雌性子群,* 雌黑猩猩们不必战斗，受到更宽厚的对待，通过共同兴趣维系联系，传承照料孩子的技能。
3.7,641,642,8.各雌性子群,安波是一只有着大而清亮的琥珀色眼睛和坚定性格的雌黑猩猩，以卖弄风情的走路方式被认为是最性感的，但是是否有引发雄黑猩猩性欲的效果仍有待观察。
3.7,643,644,8.各雌性子群,"安波是群落中的一个优势角色，她来自同一个动物园，并且有两个孩子，另外两只黑猩猩则充当了孩子的""阿姨""。"
3.7,645,646,8.各雌性子群,吉米用卑鄙的诡计引诱陌生人上当，只有另一个人的帮助才能让受害者摆脱困境。
3.7,647,649,8.各雌性子群,吉米在猿u社会中占据中心位置，与大妈妈相比影响较小，但对被宠坏的孩子乔纳斯断奶时引发了抗议。
3.7,650,651,8.各雌性子群,乔纳斯强迫弗朗耶给他喂奶，但吉米不关心他的发脾气，因此乔纳斯只能去别处寻求同情。
3.7,652,653,8.各雌性子群,弗朗耶被迫在乔纳斯被允许吃奶前站在他身边，而杰基出生后，施嫔有多余的奶水，但乔纳斯仍然显得需要被哺乳。
3.7,654,655,8.各雌性子群,"施嫔与吉米及孩子保持密切关系，乔纳斯被允许吃施嫔的奶，5岁时他与施嫔待在一起的时间是与亲生母亲待在一起的时间的8倍，尽管没有奶水可喝，他仍然将""阿姨""的奶头放进嘴里。"
3.7,656,657,8.各雌性子群,"乔纳斯是""妈妈的宝贝""，克娆姆和吉米形影不离，两人之间的友情深厚，比其他群落成员的关系更亲密。"
3.7,658,659,8.各雌性子群,"克娆姆身患双重残疾，走路弓着背，聋哑，小猿们模仿她的姿态玩""驼背猿""游戏。"
3.7,660,661,8.各雌性子群,克娆姆通过视觉通讯和声音表达来保持群落中的安全，使用丰富多样的指令系统。
3.7,662,663,8.各雌性子群,克娆姆的耳聋对她的后代致命，我们尝试帮助她，但最终还是无法改变结果，现在每次她生孩子后都会将孩子拿走。
3.7,664,666,8.各雌性子群,茹丝耶和乌特被收养，沃尔特・盎斯特的名字被用来命名乌特，简・范・霍夫邀请简去访问阿纳姆，这是简第一次看到黑猩猩群落。
3.7,667,668,8.各雌性子群,施嫔生了一个男孩，被取名为乌特，最初几个星期在简・范・霍夫家里得到照料，直到另一只雌黑猩猩特普尔的婴儿死亡。乌特得以幸存。
3.7,669,671,8.各雌性子群,乌特被收养成功，特普尔成为群落中的养母先驱，这是猿类社会中第一次完全成功的收养事件，为后续更为棘手的收养程序提供了宝贵经验。
3.7,672,673,8.各雌性子群,特普尔成功收养了一只婴儿黑猩猩，并且给群落中的其他雌黑猩猩们树立了一个榜样，因为黑猩猩不具备照料孩子的知识。乌特从小就拥有施嫔同样的体型和性格。
3.7,674,676,8.各雌性子群,乌特是一位勇敢、独立自主的黑猩猩，他敢于面对强大的对手，坚持自己的立场。
3.7,677,679,8.各雌性子群,特普尔和她的两个孩子乌特和泰山与普伊斯特有特殊的关系，在紧急情况下会请求普伊斯特的帮助，普伊斯特也会特殊对待这个家庭。
3.7,680,682,8.各雌性子群,"可能会因为安波的出现而发生变化，特普尔一家与普伊斯特之间的关系也会发生变化。

特普尔一家与普伊斯特之间的关系可能会因安波的出现而发生变化，可能会形成一个以安波为核心的子群。"
3.7,683,685,8.各雌性子群,所有黑猩猩的名字以不同的大写字母开头，用作观察活动的编码，以快速简明地标识群落结构。
3.7,686,687,8.各雌性子群,阿纳姆黑猩猩群落由7只成员组成，其中2只最小的是雌性，每只雌黑猩猩的孩子名字中都有特定的字母，与野生黑猩猩群落相比规模较小，但不会超出野生黑猩猩群落的范围。
3.7,688,690,8.各雌性子群,杉山幸丸跟踪观察了一个由21只黑猩猩组成的野生群落，发现其中成年雄性与成年雌性的比例与群落中的相应比例相差不大，而且这个群落中的高级成员们花在聚会上的时间占20%，这在野生黑猩猩中是相当高的比例。
3.7,691,692,8.各雌性子群,群落成员共同度过时光，杉山在访问阿纳姆前往非洲收集数据，尼基发起威胁性武力炫示，杉山被警告，但为时已晚。
3.7,693,694,8.各雌性子群,"尼基的""飞弹""差点击中杉山，但他仍用恭敬的目光看着它，并向尼基表达了问候。"
3.7,695,696,8.各雌性子群,杉山取得了一项最高纪录：一天之内，他学会了识别群落里几乎所有的猿，需要敏锐的观察能力、良好的记忆力以及正确的态度。黑猩猩们像人类一样，有着独特的个性和外貌，能够区别不同的个体。
3.7,697,698,8.各雌性子群,杉山受到特殊招待，猿类能够认出他们熟悉的人类脸，并将其视为领土的一部分。
3.7,626,631,8.各雌性子群,雌性黑猩猩被分为三个子群，其中最大的子群由大妈妈、格律勒、弗朗耶和安波组成，弗朗耶会在遭遇危险时大声吠叫，但只有在丰士受到威胁时才会出手干预，可能是受到两只雌黑猩猩的保护影响。
3.7,632,640,8.各雌性子群,丰士和安波是群落中最年长的四只雌黑猩猩，他们以友好、快乐的天性建立起友谊，安波还能背驮孩子走5米。丰士和安波通过友谊和共同兴趣维系联系，传承照料孩子的技能，为群落建立起友好的氛围。
3.7,641,649,8.各雌性子群,安波是一只性感的雌黑猩猩，在群落中占据优势角色，吉米则是猿u社会的中心人物，对被宠坏的孩子乔纳斯断奶时引发了抗议。
3.7,650,657,8.各雌性子群,"Can you explain the process of how to create a successful marketing campaign?

How can I create a successful marketing campaign?"
3.7,658,666,8.各雌性子群,"克娆姆患有双重残疾，小猿们模仿她的姿态玩游戏，她通过视觉通讯和声音表达来保持群落安全，但最终无法改变她的后代致命的结果，简・范・霍夫邀请简去访问阿纳姆，这是简第一次看到黑猩猩群落。

克娆姆患有双重残疾，小猿们模仿她的姿态玩游戏，简・范・霍夫邀请简去访"
3.7,667,673,8.各雌性子群,施嫔成功收养了一只婴儿黑猩猩乌特，特普尔成为群落中的养母先驱，为后续收养程序提供宝贵经验，乌特从小就拥有施嫔同样的体型和性格。
3.7,674,685,8.各雌性子群,乌特是一位勇敢、独立自主的黑猩猩，他敢于面对强大的对手，坚持自己的立场。
3.7,686,690,8.各雌性子群,阿纳姆黑猩猩群落由7只成员组成，杉山幸丸跟踪观察了一个由21只黑猩猩组成的野生群落，发现其中成年雄性与成年雌性的比例相差不大，聚会时间占20%，规模不超出野生黑猩猩群落。
3.7,691,698,8.各雌性子群,"杉山在非洲收集数据，尼基发起威胁性武力炫示，但杉山仍用恭敬的目光看着它，学会了识别群落里几乎所有的猿，黑猩猩们像人类一样有着独特的个性和外貌，猿类能够认出他们熟悉的人类脸，杉山受到特殊招待。

杉山在非洲收集数据，尽管遭遇威胁，仍用恭敬的目光观察，学会识别群"
3.7,626,640,8.各雌性子群,雌性黑猩猩被分为三个子群，丰士和安波是最年长的四只，他们以友好、快乐的天性建立友谊，安波还能背驮孩子，为群落建立友好氛围。
3.7,641,666,8.各雌性子群,"问阿纳姆，这是简第一次看到黑猩猩群落，安波是一只性感的雌黑猩猩，吉米是猿u社会的中心人物，通过视觉通讯和声音表达来保持群落安全。简见证了黑猩猩群落的生活，但最终无法改变她的后代致命的结果。

简见证了黑猩猩群落的生活，安波和吉米是群落中的优势角色，小猿们模仿安"
3.7,667,690,8.各雌性子群,施嫔成功收养了一只乌特，他成为群落中的养母先驱，乌特勇敢、独立，阿纳姆黑猩猩群落由7只成员组成，杉山幸丸观察到21只野生黑猩猩群落，比例相差不大，聚会时间占20%。
3.7,691,698,8.各雌性子群,落里的猿类，发现它们有着独特的个性和外貌，并受到特殊招待。
3.7,626,666,8.各雌性子群,波背驮孩子，通过视觉通讯和声音表达来保持群落安全。
3.7,667,698,8.各雌性子群,施嫔成功收养了一只乌特，开启了群落中的养母先驱，杉山幸丸观察到21只野生黑猩猩群落，乌特勇敢、独立，落里的猿类有着独特的个性和外貌，受到特殊招待。
3.7,626,698,8.各雌性子群,施嫔成功收养乌特，开启了群落中的养母先驱，杉山幸丸观察到21只野生黑猩猩群落，乌特勇敢、独立，猿类有独特的个性和外貌，波背驮孩子，通过视觉通讯和声音表达来保持群落安全。
4,699,699,第四部分,"提出了一种新的解决方案，以解决这一问题。
新方案可解决问题，提高效率。"
4.0,700,701,1.两次权力更迭,耶罗恩的力量像一辆蒸汽火车头、一辆坦克和一头犀牛一样，可以准备蹂躏一切挡着它的道，他用武力炫示赶走猿猴，让它们四处逃窜。
4.0,702,703,1.两次权力更迭,* 猿群在耶罗恩到来前会逃跑，空气中充满尖叫声和咆哮声，有时伴随着殴打声，和平重返时，猿群会向耶罗恩表示恭敬。
4.0,704,706,1.两次权力更迭,耶罗恩以国王般的姿态接受群猿的敬意，并与乔纳斯和乌特玩游戏，让一群雌黑猩猩护理毛皮。
4.0,707,708,1.两次权力更迭,黑猩猩之间存在着一种确认彼此社会等级关系的特定问候方式，使得统治与被统治关系在游戏中得到确认。
4.0,700,708,1.两次权力更迭,"耶罗恩以武力炫示，让猿群四处逃窜，空气中充满尖叫声和咆哮声，和平重返时，猿群向他表示恭敬，他与乔纳斯和乌特玩游戏，让黑猩猩护理毛皮，确认统治与被统治关系。耶罗恩以国王般的姿态接受群猿的敬意。

耶罗恩以武力炫示，猿群表示恭敬，他与猿群玩游戏，确"
4.1,709,710,2.形式上的统治与实际上的统治,1974-1976年间，耶罗恩的至高无上地位清晰可见，但实际上并非由最强者为王的法则支配。
4.1,711,712,2.形式上的统治与实际上的统治,耶罗恩的特征行为是黑猩猩雄1号的共同特征，用来欺骗他人，表现出自己的强大。
4.1,713,714,2.形式上的统治与实际上的统治,雄性的身躯大小与其社会地位有关，行为恭顺的问候是群落内部社会等级次序的表征。
4.1,715,717,2.形式上的统治与实际上的统治,猿类问候表达出他们对上级的尊敬，表现为鞠躬动作和携带礼物，以及吻脚、脖子或胸部。
4.1,718,720,2.形式上的统治与实际上的统治,"黑猩猩通过伸展身体和竖起毛发来回应""问候""，形成了一种鲜明的对比，进一步加强了强势猿与侏儒关系，以""跨身而过""的戏剧性动作表现出扬威显贵的意味。"
4.1,721,722,2.形式上的统治与实际上的统治,黑猩猩雌性特有的行为，如呈示生殖器被检查，在人类中引起强烈反应。
4.1,723,725,2.形式上的统治与实际上的统治,黑猩猩的呈示可能有安抚效果，但在受攻击时已经来不及，只能逃或战。为了避免攻击，低地位猿必须及时觉察高地位猿的攻击情绪。
4.1,726,728,2.形式上的统治与实际上的统治,"雌黑猩猩的攻击没有警告，而雄黑猩猩的攻击前会有一些预兆，弱势个体可以通过""问候""、毛皮护理或臀部呈示等手段来谋求和平。"
4.1,729,730,2.形式上的统治与实际上的统治,猿们在相遇时会表示顺服，这是弱势个体对强势群体的回应，也是统治与被统治关系的仪式化确认。有时候，强势的猿也会走背运。
4.1,731,733,2.形式上的统治与实际上的统治,黑猩猩经常联合起来抗议强势的猿，即使自信的耶罗恩也会害怕，从而破坏了他的领袖形象。
4.1,734,735,2.形式上的统治与实际上的统治,社会影响力决定了统治者和被统治者之间的关系，即使在冲突中也能保持和解。
4.1,736,738,2.形式上的统治与实际上的统治,黑猩猩社会等级次序具有可塑性，年幼黑猩猩也能在游戏性或严肃的冲突中施加压力。
4.1,739,740,2.形式上的统治与实际上的统治,"孩子们没有形式上的统治地位，但""问候""仪式反映了固定的统治与被统治关系，是非双向的社会行为的唯一普遍形式。"
4.1,741,742,2.形式上的统治与实际上的统治,"黑猩猩以多种方式互相问候，耶罗恩没有发出表示顺服的咕哝声，而是受到群体中每个个体的""问候""，等级地位与权力通常是交错重叠的。"
4.1,743,745,2.形式上的统治与实际上的统治,黑猩猩们通过冲突来认出等级地位变化，低地位者获胜或使高地位者表现出害怕与犹豫，从而认识到实际权力的变化。
4.1,746,748,2.形式上的统治与实际上的统治,鲁伊特挑战耶罗恩的行为导致了他们之间关系的倒转，最终导致了一场耗时一年的重组过程。
4.1,749,751,2.形式上的统治与实际上的统治,"耶罗恩曾经拥有众多的""问候""，鲁伊特却很少受到关注，因此鲁伊特发动的政变没有希望成功。"
4.1,709,717,2.形式上的统治与实际上的统治,1974-1976年间，耶罗恩的领导地位可见，但不是由最强者控制。行为特征表明其强大，雄性身躯大小与社会地位有关，问候表达尊敬，表现为鞠躬、携带礼物、吻脚等。
4.1,718,725,2.形式上的统治与实际上的统治,"黑猩猩通过伸展身体和竖起毛发来回应""问候""，表现出扬威显贵的意味，低地位猿必须觉察高地位猿的攻击情绪以避免攻击。"
4.1,726,735,2.形式上的统治与实际上的统治,黑猩猩的社会关系受到社会影响力的影响，强势个体和弱势个体之间可以通过仪式化的行为来确认关系，即使在冲突中也能保持和解。
4.1,736,745,2.形式上的统治与实际上的统治,"黑猩猩社会等级次序具有可塑性，""问候""仪式反映了固定的统治与被统治关系，冲突可以认出等级地位变化，从而认识到实际权力的变化。"
4.1,746,751,2.形式上的统治与实际上的统治,鲁伊特挑战耶罗恩的行为导致双方关系倒转，最终导致一场耗时一年的重组过程。
4.1,709,735,2.形式上的统治与实际上的统治,1974-1976年间，黑猩猩的社会关系受到社会影响力的影响，耶罗恩的领导地位可见，但不是由最强者控制，仪式化的行为可以确认关系，即使在冲突中也能保持和解。
4.1,736,751,2.形式上的统治与实际上的统治,黑猩猩社会等级次序具有可塑性，冲突可以暴露出权力变化，鲁伊特挑战耶罗恩导致双方关系倒转，引发一场耗时一年的重组过程。
4.1,709,751,2.形式上的统治与实际上的统治,1974-1976年间，黑猩猩社会关系受到社会影响力的影响，仪式化行为确认关系，社会等级次序具有可塑性，鲁伊特挑战耶罗恩导致双方关系倒转，引发一场耗时一年的重组过程。
4.2,752,754,3.最初的一击,1976年夏天，欧洲草地枯黄，阿纳姆森林被大火毁掉，耶罗恩首次露出牙齿，尖叫哀嚎，需要支持、安慰与鼓励，他与鲁伊特之间的体形大小差异消失。
4.2,755,757,3.最初的一击,耶罗恩麻木地躺在场地中间，退让以让鲁伊特与施嫔交配，表明他已经放弃了对施嫔的争夺。
4.2,758,759,3.最初的一击,耶罗恩与鲁伊特之间的第一次公开对抗，鲁伊特以威胁性武力炫示挑起了几次精彩的互动，耶罗恩的胃口完全正常。
4.2,760,761,3.最初的一击,鲁伊特在耶罗恩周围挑战，耶罗恩通过肩上的毛发偷偷观察，有时距离只有几米。
4.2,762,763,3.最初的一击,耶罗恩和鲁伊特进行了短暂的对抗，最终鲁伊特离开，耶罗恩回到原位，格律勒给了他一个吻。
4.2,764,765,3.最初的一击,尼基、丹迪和耶罗恩之间没有交流，鲁伊特和丰士玩耍，弗朗耶和大妈妈坐在鲁伊特身边，群体安静，直到耶罗恩站起身时，局面发生变化。
4.2,766,767,3.最初的一击,普伊斯特出现在施嫔身边，耶罗恩向他们表示问候，鲁伊特变得不安，开始收集树枝并吼叫。
4.2,768,769,3.最初的一击,耶罗恩带着威胁性武力炫示的姿势离开施嫔，为大妈妈护理毛皮，但鲁伊特最终拥抱弗朗耶并坐在他们正前方。
4.2,770,772,3.最初的一击,"鲁伊特发出""唬唬""声，朝大妈妈和耶罗恩冲过去，尼基利趁机与施嫔交欢，鲁伊特先对大妈妈发起攻击，然后又在耶罗恩面前坐下并吼叫着。"
4.2,773,774,3.最初的一击,耶罗恩被鲁伊特的武力炫示和威胁性行为威胁，最终鲁伊特从树上一跃而下，给耶罗恩一记响亮的掌击，然后跑开了。
4.2,775,776,3.最初的一击,耶罗恩发出尖叫，拥抱一群猿，在支持者的支持下向挑战者逼近，鲁伊特尖叫着逃跑。
4.2,777,778,3.最初的一击,战争的叫嚣四面八方响彻，鲁伊特遭到10只或更多猿群的攻击，但有一些成员拒绝参与，最终猿群停止追赶，只剩下鲁伊特的尖叫打破寂静。
4.2,779,781,3.最初的一击,* 鲁伊特被赶到圈养区远端，乌尔拥抱他，他发起脾气，像一只不能为所欲为的黑猩猩幼仔一样，翻滚、尖叫、拍打脑袋，似乎生病了似的。
4.2,782,783,3.最初的一击,鲁伊特在耶罗恩的跟随下发生了最多5分钟的攻击行为，随后又向普伊斯特发起攻击，最后邀请施嫔一起交欢。
4.2,784,786,3.最初的一击,"Can you explain the process of how to create a successful marketing campaign?

How can I create a successful marketing campaign?"
4.2,787,788,3.最初的一击,耶罗恩试图与大妈妈为伴，但遭到拒绝；另一只雌黑猩猩弗朗耶遭到鲁伊特的攻击，弗朗耶和儿子尖叫起来。
4.2,789,790,3.最初的一击,鲁伊特威胁性武力炫示，丰士被挤压，大妈妈努力摆脱耶罗恩，最终和平重新降临。
4.2,791,792,3.最初的一击,两只雄性猿类被孤立无援地回避对方的目光，最终由克娆姆引发的一系列事件结束。
4.2,793,794,3.最初的一击,克娆姆沉着冷静地护理鲁伊特，耶罗恩犹豫地靠近，最终他们拥抱，鲁伊特嗅了嗅地面坐下。
4.2,795,796,3.最初的一击,"克娆姆轮流给两只雄黑猩猩护理毛皮，鲁伊特则围着他们展示武力，最终以""合唱""的方式结束。"
4.2,797,798,3.最初的一击,耶罗恩和鲁伊特互相护理毛皮，最终发生了和解行为，耶罗恩拥抱了鲁伊特，鲁伊特则将自己的臀部呈示给耶罗恩，以此表示和解。
4.2,799,800,3.最初的一击,"2.紧张爆发状态的预防

克娆姆在下午3点30分观察到两只雄黑猩猩互相护理，随后撤退。"
4.2,801,802,3.最初的一击,本文探讨了黑猩猩的个性、大妈妈、耶罗恩与鲁伊特、普伊斯特等行为学与感知的相关内容，以及紧张爆发状态的预防、大逃亡、信息交流的信号与侧向行为、稳妥的解释和大胆的解释、理性的行为等。
4.2,803,804,3.最初的一击,第四部分涉及6.格律勒、7.尼基与丹迪、8.各雌性子群、1.两次权力更迭、2.形式上的统治与实际上的统治、3.最初的一击。
4.2,752,761,3.最初的一击,* 1976年夏天，耶罗恩与鲁伊特之间的第一次公开对抗，鲁伊特以威胁性武力炫示挑起了几次精彩的互动，耶罗恩通过肩上的毛发偷偷观察，最终放弃了对施嫔的争夺。
4.2,762,769,3.最初的一击,耶罗恩和鲁伊特之间发生了短暂的对抗，最终耶罗恩带着威胁性武力炫示的姿势离开，鲁伊特拥抱弗朗耶并坐在他们正前方。
4.2,770,776,3.最初的一击,"鲁伊特发出""唬唬""声，用武力炫示和威胁性行为威胁耶罗恩，最终拥抱猿群逃跑。"
4.2,777,786,3.最初的一击,鲁伊特遭到猿群攻击，但有成员拒绝参与，最终猿群停止追赶，鲁伊特发起攻击行为，最后邀请施嫔一起交欢。创建成功的营销活动需要策划、实施和评估三个步骤。
4.2,787,796,3.最初的一击,"耶罗恩和鲁伊特之间的冲突最终由克娆姆的护理和""合唱""结束，两只雄性猿类重新和平共处。"
4.2,797,802,3.最初的一击,两只黑猩猩通过护理、拥抱和呈示臀部实现了和解，为紧张爆发状态的预防提供了参考。
4.2,803,804,3.最初的一击,第四部分涵盖了6种不同的政治结构，涉及权力更迭、形式与实际统治、以及最初的一击。
4.2,752,776,3.最初的一击,* 1976年夏天，耶罗恩和鲁伊特之间发生了短暂的对抗，耶罗恩最终放弃了对施嫔的争夺，鲁伊特用武力炫示和威胁性行为威胁耶罗恩，最终拥抱猿群逃跑。
4.2,777,804,3.最初的一击,鲁伊特遭到猿群攻击，但有成员拒绝参与，最终和解，为紧张状态的预防提供参考，涵盖6种政治结构，涉及权力更迭、形式与实际统治。
4.2,752,804,3.最初的一击,1976年夏天，耶罗恩和鲁伊特之间发生短暂对抗，最终和解，涵盖6种政治结构，涉及权力更迭、形式与实际统治，为紧张状态的预防提供参考。
1,4,100,第一部分 序言,
1,101,172,第一部分 序言,《黑猩猩的政治》揭示了人类本性，指出人类地位可变，推动了人类对动物行为的认识，为探索人类与动物关系提供机会。
1,4,172,第一部分 序言,本书揭示了人类本性，指出人类地位可变，为探索人类与动物关系提供机会，推动了人类对动物行为的认识。
1,4,172,第一部分 序言,本书揭示了人类本性，指出人类地位可变，为探索人类与动物关系提供机会，推动了人类对动物行为的认识。
2,173,231,第二部分,
2,232,253,第二部分,"境。
安东和简・范・霍夫兄弟试图在阿纳姆动物园建立猴类群落，但未能成功。阿纳姆动物园通过距离解决食物争夺问题，为黑猩猩提供安全的环境，使其表现出喜悦，毛发变厚密闪亮。"
2,254,307,第二部分,安东・范・霍夫的少而精理念使得灵长类动物展示中心在1971年8月正式开放，黑猩猩的行为令人惊叹，可以提升动物行为学和感知能力的教育价值，但态度和学习感知能力的差异会影响研究结果。
2,308,442,第二部分,西田利贞发现，黑猩猩在荒野和阿纳姆动物园有相似行为，但雌黑猩猩在不同群落存在显著差异。霍夫提出行为系统概念，强调有意识和本能的行为差异，研究表明动物行为可以抑制、隐藏、激情和掩饰。
2,443,472,第二部分,黑猩猩具有高智商，灵长类动物智能的进化是由于社会环境压力和智慧需要而发生的，但不能单方面强调一方的智慧高于另一方，社会认知涵盖的内容更多。
2,173,307,第二部分,安东・范・霍夫兄弟试图在阿纳姆动物园建立猴类群落，但未能成功，但他们的少而精理念使得灵长类动物展示中心在1971年8月正式开放，可以提升动物行为学和感知能力的教育价值。安东・范・霍夫兄弟试图在阿纳姆动物园建立猴类群落，但未能成功，但他们的少而精理念使得灵长类动物展示中心在1971年8月
2,308,472,第二部分,"西田利贞发现黑猩猩在不同环境有不同行为，霍夫提出行为系统概念，研究表明动物行为可以抑制、隐藏、激情和掩饰。灵长类动物智慧的进化是由于社会环境压力和智慧需要，但不能单方面强调一方的智慧高于另一方。

黑猩猩具有高智商，研究表明社会认知涵盖的内容更多。"
2,173,307,第二部分,"正式开放，为动物行为学和感知能力的教育提供了价值。

安东・范・霍夫兄弟未能在阿纳姆动物园建立猴类群落，但他们的理念使得灵长类动物展示中心开放，为动物行为学和感知能力的教育提供了价值。"
2,308,472,第二部分,霍夫提出行为系统概念，灵长类动物智慧的进化是由于社会环境压力和智慧需要，但不能偏向一方。
2,173,472,第二部分,安东・范・霍夫兄弟的理念使得灵长类动物展示中心开放，为动物行为学和感知能力的教育提供了价值。
2,173,472,第二部分,安东・范・霍夫兄弟的理念使得灵长类动物展示中心开放，为动物行为学和感知能力的教育提供了价值。
3,473,552,第三部分,研究发现黑猩猩行为特征受基因、生活史及社会背景等因素影响，耶罗恩和鲁伊特性格迥异，互相竞争又互相友善。
3,553,625,第三部分,普伊斯特和格律勒是两只反常的雌黑猩猩，尼基和丹迪的行为改变了群体结构，普伊斯特可能成为重新联结雌黑猩猩群体的重要中介因素，格律勒成为了青年英雄。
3,626,698,第三部分,施嫔成功收养乌特，开启了养母先驱，杉山幸丸观察到21只野生黑猩猩群落，乌特勇敢独立，猿类有独特的个性和外貌，通过视觉通讯和声音表达来保护群落安全。
3,473,698,第三部分,研究发现黑猩猩行为特征受多种因素影响，普伊斯特和格律勒是反常的雌黑猩猩，施嫔收养乌特开启养母先驱，杉山幸丸观察到21只野生黑猩猩群落，猿类有独特的个性和外貌，通过视觉通讯和声音表达来保护群落安全。
3,473,698,第三部分,研究发现黑猩猩行为特征受多种因素影响，普伊斯特和格律勒是反常的雌黑猩猩，施嫔收养乌特开启养母先驱，杉山幸丸观察到21只野生黑猩猩群落，猿类有独特的个性和外貌，通过视觉通讯和声音表达来保护群落安全。
4,699,708,第四部分,认统治关系，提出新的解决方案，改善效率。
4,709,804,第四部分,1974-1976年间，黑猩猩社会关系受到影响，仪式化行为确认关系，社会等级可塑性，最终和解，涵盖6种政治结构，涉及权力更迭、形式与实际统治，为紧张状态的预防提供参考。
4,699,804,第四部分,1974-1976年间，黑猩猩社会关系受到影响，仪式化行为确认关系，最终和解，提出新的解决方案，改善效率，涉及权力更迭、形式与实际统治，为紧张状态的预防提供参考。
4,699,804,第四部分,1974-1976年间，黑猩猩社会关系受到影响，仪式化行为确认关系，最终和解，提出新的解决方案，改善效率，涉及权力更迭、形式与实际统治，为紧张状态的预防提供参考。
0,0,472,封面,《黑猩猩的政治弗朗斯・德瓦尔》揭示了人类本性，洞悉人类最基本需求和行为，推动了人类对动物行为的认识，为动物行为学和感知能力的教育提供了价值。
0,473,804,封面,黑猩猩的行为特征受多种因素影响，研究发现它们有独特的个性和外貌，通过视觉通讯和声音表达来保护群落安全，1974-1976年间，社会关系受到影响，仪式化行为确认关系，最终和解，提出新的解决方案，改善效率，涉及权力更迭、形式与实际统治，为紧张状态的预防提供参考。
0,0,804,封面,"《黑猩猩的政治弗朗斯・德瓦尔》揭示了人类本性，洞悉人类最基本需求和行为，为动物行为学和感知能力的教育提供了价值，研究发现黑猩猩有独特的个性和外貌，通过视觉通讯和声音表达来保护群落安全，涉及权力更迭、形式与实际统治，为紧张状态的预防提供参考。

《黑猩"
0,0,804,封面,"《黑猩猩的政治弗朗斯・德瓦尔》揭示了人类本性，洞悉人类最基本需求和行为，为动物行为学和感知能力的教育提供了价值，研究发现黑猩猩有独特的个性和外貌，通过视觉通讯和声音表达来保护群落安全，涉及权力更迭、形式与实际统治，为紧张状态的预防提供参考。

《黑猩"
0,0,804,封面,"《黑猩猩的政治弗朗斯・德瓦尔》揭示了人类本性，洞悉人类最基本需求和行为，为动物行为学和感知能力的教育提供了价值，研究发现黑猩猩有独特的个性和外貌，通过视觉通讯和声音表达来保护群落安全，涉及权力更迭、形式与实际统治，为紧张状态的预防提供参考。

《黑猩"
